info_I,visibility_V,x,intensity,landauer_energy_j
0.000000,1.000000,0.000000,1.00000000,0.000000000000e+00
0.000000,1.000000,0.025000,0.99384417,0.000000000000e+00
0.000000,1.000000,0.050000,0.97552826,0.000000000000e+00
0.000000,1.000000,0.075000,0.94550326,0.000000000000e+00
0.000000,1.000000,0.100000,0.90450850,0.000000000000e+00
0.000000,1.000000,0.125000,0.85355339,0.000000000000e+00
0.000000,1.000000,0.150000,0.79389263,0.000000000000e+00
0.000000,1.000000,0.175000,0.72699525,0.000000000000e+00
0.000000,1.000000,0.200000,0.65450850,0.000000000000e+00
0.000000,1.000000,0.225000,0.57821723,0.000000000000e+00
0.000000,1.000000,0.250000,0.50000000,0.000000000000e+00
0.000000,1.000000,0.275000,0.42178277,0.000000000000e+00
0.000000,1.000000,0.300000,0.34549150,0.000000000000e+00
0.000000,1.000000,0.325000,0.27300475,0.000000000000e+00
0.000000,1.000000,0.350000,0.20610737,0.000000000000e+00
0.000000,1.000000,0.375000,0.14644661,0.000000000000e+00
0.000000,1.000000,0.400000,0.09549150,0.000000000000e+00
0.000000,1.000000,0.425000,0.05449674,0.000000000000e+00
0.000000,1.000000,0.450000,0.02447174,0.000000000000e+00
0.000000,1.000000,0.475000,0.00615583,0.000000000000e+00
0.000000,1.000000,0.500000,0.00000000,0.000000000000e+00
0.000000,1.000000,0.525000,0.00615583,0.000000000000e+00
0.000000,1.000000,0.550000,0.02447174,0.000000000000e+00
0.000000,1.000000,0.575000,0.05449674,0.000000000000e+00
0.000000,1.000000,0.600000,0.09549150,0.000000000000e+00
0.000000,1.000000,0.625000,0.14644661,0.000000000000e+00
0.000000,1.000000,0.650000,0.20610737,0.000000000000e+00
0.000000,1.000000,0.675000,0.27300475,0.000000000000e+00
0.000000,1.000000,0.700000,0.34549150,0.000000000000e+00
0.000000,1.000000,0.725000,0.42178277,0.000000000000e+00
0.000000,1.000000,0.750000,0.50000000,0.000000000000e+00
0.000000,1.000000,0.775000,0.57821723,0.000000000000e+00
0.000000,1.000000,0.800000,0.65450850,0.000000000000e+00
0.000000,1.000000,0.825000,0.72699525,0.000000000000e+00
0.000000,1.000000,0.850000,0.79389263,0.000000000000e+00
0.000000,1.000000,0.875000,0.85355339,0.000000000000e+00
0.000000,1.000000,0.900000,0.90450850,0.000000000000e+00
0.000000,1.000000,0.925000,0.94550326,0.000000000000e+00
0.000000,1.000000,0.950000,0.97552826,0.000000000000e+00
0.000000,1.000000,0.975000,0.99384417,0.000000000000e+00
0.000000,1.000000,1.000000,1.00000000,0.000000000000e+00
0.050000,0.998749,0.000000,0.99937461,1.435489442539e-22
0.050000,0.998749,0.025000,0.99322648,1.435489442539e-22
0.050000,0.998749,0.050000,0.97493348,1.435489442539e-22
0.050000,0.998749,0.075000,0.94494603,1.435489442539e-22
0.050000,0.998749,0.100000,0.90400255,1.435489442539e-22
0.050000,0.998749,0.125000,0.85311117,1.435489442539e-22
0.050000,0.998749,0.150000,0.79352503,1.435489442539e-22
0.050000,0.998749,0.175000,0.72671133,1.435489442539e-22
0.050000,0.998749,0.200000,0.65431524,1.435489442539e-22
0.050000,0.998749,0.225000,0.57811940,1.435489442539e-22
0.050000,0.998749,0.250000,0.50000000,1.435489442539e-22
0.050000,0.998749,0.275000,0.42188060,1.435489442539e-22
0.050000,0.998749,0.300000,0.34568476,1.435489442539e-22
0.050000,0.998749,0.325000,0.27328867,1.435489442539e-22
0.050000,0.998749,0.350000,0.20647497,1.435489442539e-22
0.050000,0.998749,0.375000,0.14688883,1.435489442539e-22
0.050000,0.998749,0.400000,0.09599745,1.435489442539e-22
0.050000,0.998749,0.425000,0.05505397,1.435489442539e-22
0.050000,0.998749,0.450000,0.02506652,1.435489442539e-22
0.050000,0.998749,0.475000,0.00677352,1.435489442539e-22
0.050000,0.998749,0.500000,0.00062539,1.435489442539e-22
0.050000,0.998749,0.525000,0.00677352,1.435489442539e-22
0.050000,0.998749,0.550000,0.02506652,1.435489442539e-22
0.050000,0.998749,0.575000,0.05505397,1.435489442539e-22
0.050000,0.998749,0.600000,0.09599745,1.435489442539e-22
0.050000,0.998749,0.625000,0.14688883,1.435489442539e-22
0.050000,0.998749,0.650000,0.20647497,1.435489442539e-22
0.050000,0.998749,0.675000,0.27328867,1.435489442539e-22
0.050000,0.998749,0.700000,0.34568476,1.435489442539e-22
0.050000,0.998749,0.725000,0.42188060,1.435489442539e-22
0.050000,0.998749,0.750000,0.50000000,1.435489442539e-22
0.050000,0.998749,0.775000,0.57811940,1.435489442539e-22
0.050000,0.998749,0.800000,0.65431524,1.435489442539e-22
0.050000,0.998749,0.825000,0.72671133,1.435489442539e-22
0.050000,0.998749,0.850000,0.79352503,1.435489442539e-22
0.050000,0.998749,0.875000,0.85311117,1.435489442539e-22
0.050000,0.998749,0.900000,0.90400255,1.435489442539e-22
0.050000,0.998749,0.925000,0.94494603,1.435489442539e-22
0.050000,0.998749,0.950000,0.97493348,1.435489442539e-22
0.050000,0.998749,0.975000,0.99322648,1.435489442539e-22
0.050000,0.998749,1.000000,0.99937461,1.435489442539e-22
0.100000,0.994987,0.000000,0.99749372,2.870978885079e-22
0.100000,0.994987,0.025000,0.99136875,2.870978885079e-22
0.100000,0.994987,0.050000,0.97314464,2.870978885079e-22
0.100000,0.994987,0.075000,0.94327015,2.870978885079e-22
0.100000,0.994987,0.100000,0.90248087,2.870978885079e-22
0.100000,0.994987,0.125000,0.85178118,2.870978885079e-22
0.100000,0.994987,0.150000,0.79241947,2.870978885079e-22
0.100000,0.994987,0.175000,0.72585742,2.870978885079e-22
0.100000,0.994987,0.200000,0.65373401,2.870978885079e-22
0.100000,0.994987,0.225000,0.57782516,2.870978885079e-22
0.100000,0.994987,0.250000,0.50000000,2.870978885079e-22
0.100000,0.994987,0.275000,0.42217484,2.870978885079e-22
0.100000,0.994987,0.300000,0.34626599,2.870978885079e-22
0.100000,0.994987,0.325000,0.27414258,2.870978885079e-22
0.100000,0.994987,0.350000,0.20758053,2.870978885079e-22
0.100000,0.994987,0.375000,0.14821882,2.870978885079e-22
0.100000,0.994987,0.400000,0.09751913,2.870978885079e-22
0.100000,0.994987,0.425000,0.05672985,2.870978885079e-22
0.100000,0.994987,0.450000,0.02685536,2.870978885079e-22
0.100000,0.994987,0.475000,0.00863125,2.870978885079e-22
0.100000,0.994987,0.500000,0.00250628,2.870978885079e-22
0.100000,0.994987,0.525000,0.00863125,2.870978885079e-22
0.100000,0.994987,0.550000,0.02685536,2.870978885079e-22
0.100000,0.994987,0.575000,0.05672985,2.870978885079e-22
0.100000,0.994987,0.600000,0.09751913,2.870978885079e-22
0.100000,0.994987,0.625000,0.14821882,2.870978885079e-22
0.100000,0.994987,0.650000,0.20758053,2.870978885079e-22
0.100000,0.994987,0.675000,0.27414258,2.870978885079e-22
0.100000,0.994987,0.700000,0.34626599,2.870978885079e-22
0.100000,0.994987,0.725000,0.42217484,2.870978885079e-22
0.100000,0.994987,0.750000,0.50000000,2.870978885079e-22
0.100000,0.994987,0.775000,0.57782516,2.870978885079e-22
0.100000,0.994987,0.800000,0.65373401,2.870978885079e-22
0.100000,0.994987,0.825000,0.72585742,2.870978885079e-22
0.100000,0.994987,0.850000,0.79241947,2.870978885079e-22
0.100000,0.994987,0.875000,0.85178118,2.870978885079e-22
0.100000,0.994987,0.900000,0.90248087,2.870978885079e-22
0.100000,0.994987,0.925000,0.94327015,2.870978885079e-22
0.100000,0.994987,0.950000,0.97314464,2.870978885079e-22
0.100000,0.994987,0.975000,0.99136875,2.870978885079e-22
0.100000,0.994987,1.000000,0.99749372,2.870978885079e-22
0.150000,0.988686,0.000000,0.99434300,4.306468327618e-22
0.150000,0.988686,0.025000,0.98825682,4.306468327618e-22
0.150000,0.988686,0.050000,0.97014813,4.306468327618e-22
0.150000,0.988686,0.075000,0.94046284,4.306468327618e-22
0.150000,0.988686,0.100000,0.89993189,4.306468327618e-22
0.150000,0.988686,0.125000,0.84955329,4.306468327618e-22
0.150000,0.988686,0.150000,0.79056752,4.306468327618e-22
0.150000,0.988686,0.175000,0.72442702,4.306468327618e-22
0.150000,0.988686,0.200000,0.65276039,4.306468327618e-22
0.150000,0.988686,0.225000,0.57733228,4.306468327618e-22
0.150000,0.988686,0.250000,0.50000000,4.306468327618e-22
0.150000,0.988686,0.275000,0.42266772,4.306468327618e-22
0.150000,0.988686,0.300000,0.34723961,4.306468327618e-22
0.150000,0.988686,0.325000,0.27557298,4.306468327618e-22
0.150000,0.988686,0.350000,0.20943248,4.306468327618e-22
0.150000,0.988686,0.375000,0.15044671,4.306468327618e-22
0.150000,0.988686,0.400000,0.10006811,4.306468327618e-22
0.150000,0.988686,0.425000,0.05953716,4.306468327618e-22
0.150000,0.988686,0.450000,0.02985187,4.306468327618e-22
0.150000,0.988686,0.475000,0.01174318,4.306468327618e-22
0.150000,0.988686,0.500000,0.00565700,4.306468327618e-22
0.150000,0.988686,0.525000,0.01174318,4.306468327618e-22
0.150000,0.988686,0.550000,0.02985187,4.306468327618e-22
0.150000,0.988686,0.575000,0.05953716,4.306468327618e-22
0.150000,0.988686,0.600000,0.10006811,4.306468327618e-22
0.150000,0.988686,0.625000,0.15044671,4.306468327618e-22
0.150000,0.988686,0.650000,0.20943248,4.306468327618e-22
0.150000,0.988686,0.675000,0.27557298,4.306468327618e-22
0.150000,0.988686,0.700000,0.34723961,4.306468327618e-22
0.150000,0.988686,0.725000,0.42266772,4.306468327618e-22
0.150000,0.988686,0.750000,0.50000000,4.306468327618e-22
0.150000,0.988686,0.775000,0.57733228,4.306468327618e-22
0.150000,0.988686,0.800000,0.65276039,4.306468327618e-22
0.150000,0.988686,0.825000,0.72442702,4.306468327618e-22
0.150000,0.988686,0.850000,0.79056752,4.306468327618e-22
0.150000,0.988686,0.875000,0.84955329,4.306468327618e-22
0.150000,0.988686,0.900000,0.89993189,4.306468327618e-22
0.150000,0.988686,0.925000,0.94046284,4.306468327618e-22
0.150000,0.988686,0.950000,0.97014813,4.306468327618e-22
0.150000,0.988686,0.975000,0.98825682,4.306468327618e-22
0.150000,0.988686,1.000000,0.99434300,4.306468327618e-22
0.200000,0.979796,0.000000,0.98989795,5.741957770157e-22
0.200000,0.979796,0.025000,0.98386649,5.741957770157e-22
0.200000,0.979796,0.050000,0.96592064,5.741957770157e-22
0.200000,0.979796,0.075000,0.93650227,5.741957770157e-22
0.200000,0.979796,0.100000,0.89633577,5.741957770157e-22
0.200000,0.979796,0.125000,0.84641016,5.741957770157e-22
0.200000,0.979796,0.150000,0.78795479,5.741957770157e-22
0.200000,0.979796,0.175000,0.72240901,5.741957770157e-22
0.200000,0.979796,0.200000,0.65138679,5.741957770157e-22
0.200000,0.979796,0.225000,0.57663692,5.741957770157e-22
0.200000,0.979796,0.250000,0.50000000,5.741957770157e-22
0.200000,0.979796,0.275000,0.42336308,5.741957770157e-22
0.200000,0.979796,0.300000,0.34861321,5.741957770157e-22
0.200000,0.979796,0.325000,0.27759099,5.741957770157e-22
0.200000,0.979796,0.350000,0.21204521,5.741957770157e-22
0.200000,0.979796,0.375000,0.15358984,5.741957770157e-22
0.200000,0.979796,0.400000,0.10366423,5.741957770157e-22
0.200000,0.979796,0.425000,0.06349773,5.741957770157e-22
0.200000,0.979796,0.450000,0.03407936,5.741957770157e-22
0.200000,0.979796,0.475000,0.01613351,5.741957770157e-22
0.200000,0.979796,0.500000,0.01010205,5.741957770157e-22
0.200000,0.979796,0.525000,0.01613351,5.741957770157e-22
0.200000,0.979796,0.550000,0.03407936,5.741957770157e-22
0.200000,0.979796,0.575000,0.06349773,5.741957770157e-22
0.200000,0.979796,0.600000,0.10366423,5.741957770157e-22
0.200000,0.979796,0.625000,0.15358984,5.741957770157e-22
0.200000,0.979796,0.650000,0.21204521,5.741957770157e-22
0.200000,0.979796,0.675000,0.27759099,5.741957770157e-22
0.200000,0.979796,0.700000,0.34861321,5.741957770157e-22
0.200000,0.979796,0.725000,0.42336308,5.741957770157e-22
0.200000,0.979796,0.750000,0.50000000,5.741957770157e-22
0.200000,0.979796,0.775000,0.57663692,5.741957770157e-22
0.200000,0.979796,0.800000,0.65138679,5.741957770157e-22
0.200000,0.979796,0.825000,0.72240901,5.741957770157e-22
0.200000,0.979796,0.850000,0.78795479,5.741957770157e-22
0.200000,0.979796,0.875000,0.84641016,5.741957770157e-22
0.200000,0.979796,0.900000,0.89633577,5.741957770157e-22
0.200000,0.979796,0.925000,0.93650227,5.741957770157e-22
0.200000,0.979796,0.950000,0.96592064,5.741957770157e-22
0.200000,0.979796,0.975000,0.98386649,5.741957770157e-22
0.200000,0.979796,1.000000,0.98989795,5.741957770157e-22
0.250000,0.968246,0.000000,0.98412292,7.177447212697e-22
0.250000,0.968246,0.025000,0.97816256,7.177447212697e-22
0.250000,0.968246,0.050000,0.96042826,7.177447212697e-22
0.250000,0.968246,0.075000,0.93135668,7.177447212697e-22
0.250000,0.968246,0.100000,0.89166367,7.177447212697e-22
0.250000,0.968246,0.125000,0.84232660,7.177447212697e-22
0.250000,0.968246,0.150000,0.78456031,7.177447212697e-22
0.250000,0.968246,0.175000,0.71978721,7.177447212697e-22
0.250000,0.968246,0.200000,0.64960221,7.177447212697e-22
0.250000,0.968246,0.225000,0.57573351,7.177447212697e-22
0.250000,0.968246,0.250000,0.50000000,7.177447212697e-22
0.250000,0.968246,0.275000,0.42426649,7.177447212697e-22
0.250000,0.968246,0.300000,0.35039779,7.177447212697e-22
0.250000,0.968246,0.325000,0.28021279,7.177447212697e-22
0.250000,0.968246,0.350000,0.21543969,7.177447212697e-22
0.250000,0.968246,0.375000,0.15767340,7.177447212697e-22
0.250000,0.968246,0.400000,0.10833633,7.177447212697e-22
0.250000,0.968246,0.425000,0.06864332,7.177447212697e-22
0.250000,0.968246,0.450000,0.03957174,7.177447212697e-22
0.250000,0.968246,0.475000,0.02183744,7.177447212697e-22
0.250000,0.968246,0.500000,0.01587708,7.177447212697e-22
0.250000,0.968246,0.525000,0.02183744,7.177447212697e-22
0.250000,0.968246,0.550000,0.03957174,7.177447212697e-22
0.250000,0.968246,0.575000,0.06864332,7.177447212697e-22
0.250000,0.968246,0.600000,0.10833633,7.177447212697e-22
0.250000,0.968246,0.625000,0.15767340,7.177447212697e-22
0.250000,0.968246,0.650000,0.21543969,7.177447212697e-22
0.250000,0.968246,0.675000,0.28021279,7.177447212697e-22
0.250000,0.968246,0.700000,0.35039779,7.177447212697e-22
0.250000,0.968246,0.725000,0.42426649,7.177447212697e-22
0.250000,0.968246,0.750000,0.50000000,7.177447212697e-22
0.250000,0.968246,0.775000,0.57573351,7.177447212697e-22
0.250000,0.968246,0.800000,0.64960221,7.177447212697e-22
0.250000,0.968246,0.825000,0.71978721,7.177447212697e-22
0.250000,0.968246,0.850000,0.78456031,7.177447212697e-22
0.250000,0.968246,0.875000,0.84232660,7.177447212697e-22
0.250000,0.968246,0.900000,0.89166367,7.177447212697e-22
0.250000,0.968246,0.925000,0.93135668,7.177447212697e-22
0.250000,0.968246,0.950000,0.96042826,7.177447212697e-22
0.250000,0.968246,0.975000,0.97816256,7.177447212697e-22
0.250000,0.968246,1.000000,0.98412292,7.177447212697e-22
0.300000,0.953939,0.000000,0.97696960,8.612936655236e-22
0.300000,0.953939,0.025000,0.97109731,8.612936655236e-22
0.300000,0.953939,0.050000,0.95362505,8.612936655236e-22
0.300000,0.953939,0.075000,0.92498303,8.612936655236e-22
0.300000,0.953939,0.100000,0.88587651,8.612936655236e-22
0.300000,0.953939,0.125000,0.83726844,8.612936655236e-22
0.300000,0.953939,0.150000,0.78035570,8.612936655236e-22
0.300000,0.953939,0.175000,0.71653967,8.612936655236e-22
0.300000,0.953939,0.200000,0.64739171,8.612936655236e-22
0.300000,0.953939,0.225000,0.57461448,8.612936655236e-22
0.300000,0.953939,0.250000,0.50000000,8.612936655236e-22
0.300000,0.953939,0.275000,0.42538552,8.612936655236e-22
0.300000,0.953939,0.300000,0.35260829,8.612936655236e-22
0.300000,0.953939,0.325000,0.28346033,8.612936655236e-22
0.300000,0.953939,0.350000,0.21964430,8.612936655236e-22
0.300000,0.953939,0.375000,0.16273156,8.612936655236e-22
0.300000,0.953939,0.400000,0.11412349,8.612936655236e-22
0.300000,0.953939,0.425000,0.07501697,8.612936655236e-22
0.300000,0.953939,0.450000,0.04637495,8.612936655236e-22
0.300000,0.953939,0.475000,0.02890269,8.612936655236e-22
0.300000,0.953939,0.500000,0.02303040,8.612936655236e-22
0.300000,0.953939,0.525000,0.02890269,8.612936655236e-22
0.300000,0.953939,0.550000,0.04637495,8.612936655236e-22
0.300000,0.953939,0.575000,0.07501697,8.612936655236e-22
0.300000,0.953939,0.600000,0.11412349,8.612936655236e-22
0.300000,0.953939,0.625000,0.16273156,8.612936655236e-22
0.300000,0.953939,0.650000,0.21964430,8.612936655236e-22
0.300000,0.953939,0.675000,0.28346033,8.612936655236e-22
0.300000,0.953939,0.700000,0.35260829,8.612936655236e-22
0.300000,0.953939,0.725000,0.42538552,8.612936655236e-22
0.300000,0.953939,0.750000,0.50000000,8.612936655236e-22
0.300000,0.953939,0.775000,0.57461448,8.612936655236e-22
0.300000,0.953939,0.800000,0.64739171,8.612936655236e-22
0.300000,0.953939,0.825000,0.71653967,8.612936655236e-22
0.300000,0.953939,0.850000,0.78035570,8.612936655236e-22
0.300000,0.953939,0.875000,0.83726844,8.612936655236e-22
0.300000,0.953939,0.900000,0.88587651,8.612936655236e-22
0.300000,0.953939,0.925000,0.92498303,8.612936655236e-22
0.300000,0.953939,0.950000,0.95362505,8.612936655236e-22
0.300000,0.953939,0.975000,0.97109731,8.612936655236e-22
0.300000,0.953939,1.000000,0.97696960,8.612936655236e-22
0.350000,0.936750,0.000000,0.96837485,1.004842609778e-21
0.350000,0.936750,0.025000,0.96260838,1.004842609778e-21
0.350000,0.936750,0.050000,0.94545095,1.004842609778e-21
0.350000,0.936750,0.075000,0.91732505,1.004842609778e-21
0.350000,0.936750,0.100000,0.87892321,1.004842609778e-21
0.350000,0.936750,0.125000,0.83119103,1.004842609778e-21
0.350000,0.936750,0.150000,0.77530383,1.004842609778e-21
0.350000,0.936750,0.175000,0.71263773,1.004842609778e-21
0.350000,0.936750,0.200000,0.64473579,1.004842609778e-21
0.350000,0.936750,0.225000,0.57326997,1.004842609778e-21
0.350000,0.936750,0.250000,0.50000000,1.004842609778e-21
0.350000,0.936750,0.275000,0.42673003,1.004842609778e-21
0.350000,0.936750,0.300000,0.35526421,1.004842609778e-21
0.350000,0.936750,0.325000,0.28736227,1.004842609778e-21
0.350000,0.936750,0.350000,0.22469617,1.004842609778e-21
0.350000,0.936750,0.375000,0.16880897,1.004842609778e-21
0.350000,0.936750,0.400000,0.12107679,1.004842609778e-21
0.350000,0.936750,0.425000,0.08267495,1.004842609778e-21
0.350000,0.936750,0.450000,0.05454905,1.004842609778e-21
0.350000,0.936750,0.475000,0.03739162,1.004842609778e-21
0.350000,0.936750,0.500000,0.03162515,1.004842609778e-21
0.350000,0.936750,0.525000,0.03739162,1.004842609778e-21
0.350000,0.936750,0.550000,0.05454905,1.004842609778e-21
0.350000,0.936750,0.575000,0.08267495,1.004842609778e-21
0.350000,0.936750,0.600000,0.12107679,1.004842609778e-21
0.350000,0.936750,0.625000,0.16880897,1.004842609778e-21
0.350000,0.936750,0.650000,0.22469617,1.004842609778e-21
0.350000,0.936750,0.675000,0.28736227,1.004842609778e-21
0.350000,0.936750,0.700000,0.35526421,1.004842609778e-21
0.350000,0.936750,0.725000,0.42673003,1.004842609778e-21
0.350000,0.936750,0.750000,0.50000000,1.004842609778e-21
0.350000,0.936750,0.775000,0.57326997,1.004842609778e-21
0.350000,0.936750,0.800000,0.64473579,1.004842609778e-21
0.350000,0.936750,0.825000,0.71263773,1.004842609778e-21
0.350000,0.936750,0.850000,0.77530383,1.004842609778e-21
0.350000,0.936750,0.875000,0.83119103,1.004842609778e-21
0.350000,0.936750,0.900000,0.87892321,1.004842609778e-21
0.350000,0.936750,0.925000,0.91732505,1.004842609778e-21
0.350000,0.936750,0.950000,0.94545095,1.004842609778e-21
0.350000,0.936750,0.975000,0.96260838,1.004842609778e-21
0.350000,0.936750,1.000000,0.96837485,1.004842609778e-21
0.400000,0.916515,0.000000,0.95825757,1.148391554031e-21
0.400000,0.916515,0.025000,0.95261566,1.148391554031e-21
0.400000,0.916515,0.050000,0.93582885,1.148391554031e-21
0.400000,0.916515,0.075000,0.90831048,1.148391554031e-21
0.400000,0.916515,0.100000,0.87073816,1.148391554031e-21
0.400000,0.916515,0.125000,0.82403703,1.148391554031e-21
0.400000,0.916515,0.150000,0.76935704,1.148391554031e-21
0.400000,0.916515,0.175000,0.70804458,1.148391554031e-21
0.400000,0.916515,0.200000,0.64160938,1.148391554031e-21
0.400000,0.916515,0.225000,0.57168728,1.148391554031e-21
0.400000,0.916515,0.250000,0.50000000,1.148391554031e-21
0.400000,0.916515,0.275000,0.42831272,1.148391554031e-21
0.400000,0.916515,0.300000,0.35839062,1.148391554031e-21
0.400000,0.916515,0.325000,0.29195542,1.148391554031e-21
0.400000,0.916515,0.350000,0.23064296,1.148391554031e-21
0.400000,0.916515,0.375000,0.17596297,1.148391554031e-21
0.400000,0.916515,0.400000,0.12926184,1.148391554031e-21
0.400000,0.916515,0.425000,0.09168952,1.148391554031e-21
0.400000,0.916515,0.450000,0.06417115,1.148391554031e-21
0.400000,0.916515,0.475000,0.04738434,1.148391554031e-21
0.400000,0.916515,0.500000,0.04174243,1.148391554031e-21
0.400000,0.916515,0.525000,0.04738434,1.148391554031e-21
0.400000,0.916515,0.550000,0.06417115,1.148391554031e-21
0.400000,0.916515,0.575000,0.09168952,1.148391554031e-21
0.400000,0.916515,0.600000,0.12926184,1.148391554031e-21
0.400000,0.916515,0.625000,0.17596297,1.148391554031e-21
0.400000,0.916515,0.650000,0.23064296,1.148391554031e-21
0.400000,0.916515,0.675000,0.29195542,1.148391554031e-21
0.400000,0.916515,0.700000,0.35839062,1.148391554031e-21
0.400000,0.916515,0.725000,0.42831272,1.148391554031e-21
0.400000,0.916515,0.750000,0.50000000,1.148391554031e-21
0.400000,0.916515,0.775000,0.57168728,1.148391554031e-21
0.400000,0.916515,0.800000,0.64160938,1.148391554031e-21
0.400000,0.916515,0.825000,0.70804458,1.148391554031e-21
0.400000,0.916515,0.850000,0.76935704,1.148391554031e-21
0.400000,0.916515,0.875000,0.82403703,1.148391554031e-21
0.400000,0.916515,0.900000,0.87073816,1.148391554031e-21
0.400000,0.916515,0.925000,0.90831048,1.148391554031e-21
0.400000,0.916515,0.950000,0.93582885,1.148391554031e-21
0.400000,0.916515,0.975000,0.95261566,1.148391554031e-21
0.400000,0.916515,1.000000,0.95825757,1.148391554031e-21
0.450000,0.893029,0.000000,0.94651428,1.291940498285e-21
0.450000,0.893029,0.025000,0.94101695,1.291940498285e-21
0.450000,0.893029,0.050000,0.92466031,1.291940498285e-21
0.450000,0.893029,0.075000,0.89784713,1.291940498285e-21
0.450000,0.893029,0.100000,0.86123764,1.291940498285e-21
0.450000,0.893029,0.125000,0.81573327,1.291940498285e-21
0.450000,0.893029,0.150000,0.76245451,1.291940498285e-21
0.450000,0.893029,0.175000,0.70271324,1.291940498285e-21
0.450000,0.893029,0.200000,0.63798050,1.291940498285e-21
0.450000,0.893029,0.225000,0.56985022,1.291940498285e-21
0.450000,0.893029,0.250000,0.50000000,1.291940498285e-21
0.450000,0.893029,0.275000,0.43014978,1.291940498285e-21
0.450000,0.893029,0.300000,0.36201950,1.291940498285e-21
0.450000,0.893029,0.325000,0.29728676,1.291940498285e-21
0.450000,0.893029,0.350000,0.23754549,1.291940498285e-21
0.450000,0.893029,0.375000,0.18426673,1.291940498285e-21
0.450000,0.893029,0.400000,0.13876236,1.291940498285e-21
0.450000,0.893029,0.425000,0.10215287,1.291940498285e-21
0.450000,0.893029,0.450000,0.07533969,1.291940498285e-21
0.450000,0.893029,0.475000,0.05898305,1.291940498285e-21
0.450000,0.893029,0.500000,0.05348572,1.291940498285e-21
0.450000,0.893029,0.525000,0.05898305,1.291940498285e-21
0.450000,0.893029,0.550000,0.07533969,1.291940498285e-21
0.450000,0.893029,0.575000,0.10215287,1.291940498285e-21
0.450000,0.893029,0.600000,0.13876236,1.291940498285e-21
0.450000,0.893029,0.625000,0.18426673,1.291940498285e-21
0.450000,0.893029,0.650000,0.23754549,1.291940498285e-21
0.450000,0.893029,0.675000,0.29728676,1.291940498285e-21
0.450000,0.893029,0.700000,0.36201950,1.291940498285e-21
0.450000,0.893029,0.725000,0.43014978,1.291940498285e-21
0.450000,0.893029,0.750000,0.50000000,1.291940498285e-21
0.450000,0.893029,0.775000,0.56985022,1.291940498285e-21
0.450000,0.893029,0.800000,0.63798050,1.291940498285e-21
0.450000,0.893029,0.825000,0.70271324,1.291940498285e-21
0.450000,0.893029,0.850000,0.76245451,1.291940498285e-21
0.450000,0.893029,0.875000,0.81573327,1.291940498285e-21
0.450000,0.893029,0.900000,0.86123764,1.291940498285e-21
0.450000,0.893029,0.925000,0.89784713,1.291940498285e-21
0.450000,0.893029,0.950000,0.92466031,1.291940498285e-21
0.450000,0.893029,0.975000,0.94101695,1.291940498285e-21
0.450000,0.893029,1.000000,0.94651428,1.291940498285e-21
0.500000,0.866025,0.000000,0.93301270,1.435489442539e-21
0.500000,0.866025,0.025000,0.92768160,1.435489442539e-21
0.500000,0.866025,0.050000,0.91181955,1.435489442539e-21
0.500000,0.866025,0.075000,0.88581714,1.435489442539e-21
0.500000,0.866025,0.100000,0.85031463,1.435489442539e-21
0.500000,0.866025,0.125000,0.80618622,1.435489442539e-21
0.500000,0.866025,0.150000,0.75451848,1.435489442539e-21
0.500000,0.866025,0.175000,0.69658365,1.435489442539e-21
0.500000,0.866025,0.200000,0.63380828,1.435489442539e-21
0.500000,0.866025,0.225000,0.56773811,1.435489442539e-21
0.500000,0.866025,0.250000,0.50000000,1.435489442539e-21
0.500000,0.866025,0.275000,0.43226189,1.435489442539e-21
0.500000,0.866025,0.300000,0.36619172,1.435489442539e-21
0.500000,0.866025,0.325000,0.30341635,1.435489442539e-21
0.500000,0.866025,0.350000,0.24548152,1.435489442539e-21
0.500000,0.866025,0.375000,0.19381378,1.435489442539e-21
0.500000,0.866025,0.400000,0.14968537,1.435489442539e-21
0.500000,0.866025,0.425000,0.11418286,1.435489442539e-21
0.500000,0.866025,0.450000,0.08818045,1.435489442539e-21
0.500000,0.866025,0.475000,0.07231840,1.435489442539e-21
0.500000,0.866025,0.500000,0.06698730,1.435489442539e-21
0.500000,0.866025,0.525000,0.07231840,1.435489442539e-21
0.500000,0.866025,0.550000,0.08818045,1.435489442539e-21
0.500000,0.866025,0.575000,0.11418286,1.435489442539e-21
0.500000,0.866025,0.600000,0.14968537,1.435489442539e-21
0.500000,0.866025,0.625000,0.19381378,1.435489442539e-21
0.500000,0.866025,0.650000,0.24548152,1.435489442539e-21
0.500000,0.866025,0.675000,0.30341635,1.435489442539e-21
0.500000,0.866025,0.700000,0.36619172,1.435489442539e-21
0.500000,0.866025,0.725000,0.43226189,1.435489442539e-21
0.500000,0.866025,0.750000,0.50000000,1.435489442539e-21
0.500000,0.866025,0.775000,0.56773811,1.435489442539e-21
0.500000,0.866025,0.800000,0.63380828,1.435489442539e-21
0.500000,0.866025,0.825000,0.69658365,1.435489442539e-21
0.500000,0.866025,0.850000,0.75451848,1.435489442539e-21
0.500000,0.866025,0.875000,0.80618622,1.435489442539e-21
0.500000,0.866025,0.900000,0.85031463,1.435489442539e-21
0.500000,0.866025,0.925000,0.88581714,1.435489442539e-21
0.500000,0.866025,0.950000,0.91181955,1.435489442539e-21
0.500000,0.866025,0.975000,0.92768160,1.435489442539e-21
0.500000,0.866025,1.000000,0.93301270,1.435489442539e-21
0.550000,0.835165,0.000000,0.91758233,1.579038386793e-21
0.550000,0.835165,0.025000,0.91244120,1.579038386793e-21
0.550000,0.835165,0.050000,0.89714439,1.579038386793e-21
0.550000,0.835165,0.075000,0.87206858,1.579038386793e-21
0.550000,0.835165,0.100000,0.83783120,1.579038386793e-21
0.550000,0.835165,0.125000,0.79527530,1.579038386793e-21
0.550000,0.835165,0.150000,0.74544873,1.579038386793e-21
0.550000,0.835165,0.175000,0.68957841,1.579038386793e-21
0.550000,0.835165,0.200000,0.62904004,1.579038386793e-21
0.550000,0.835165,0.225000,0.56532427,1.579038386793e-21
0.550000,0.835165,0.250000,0.50000000,1.579038386793e-21
0.550000,0.835165,0.275000,0.43467573,1.579038386793e-21
0.550000,0.835165,0.300000,0.37095996,1.579038386793e-21
0.550000,0.835165,0.325000,0.31042159,1.579038386793e-21
0.550000,0.835165,0.350000,0.25455127,1.579038386793e-21
0.550000,0.835165,0.375000,0.20472470,1.579038386793e-21
0.550000,0.835165,0.400000,0.16216880,1.579038386793e-21
0.550000,0.835165,0.425000,0.12793142,1.579038386793e-21
0.550000,0.835165,0.450000,0.10285561,1.579038386793e-21
0.550000,0.835165,0.475000,0.08755880,1.579038386793e-21
0.550000,0.835165,0.500000,0.08241767,1.579038386793e-21
0.550000,0.835165,0.525000,0.08755880,1.579038386793e-21
0.550000,0.835165,0.550000,0.10285561,1.579038386793e-21
0.550000,0.835165,0.575000,0.12793142,1.579038386793e-21
0.550000,0.835165,0.600000,0.16216880,1.579038386793e-21
0.550000,0.835165,0.625000,0.20472470,1.579038386793e-21
0.550000,0.835165,0.650000,0.25455127,1.579038386793e-21
0.550000,0.835165,0.675000,0.31042159,1.579038386793e-21
0.550000,0.835165,0.700000,0.37095996,1.579038386793e-21
0.550000,0.835165,0.725000,0.43467573,1.579038386793e-21
0.550000,0.835165,0.750000,0.50000000,1.579038386793e-21
0.550000,0.835165,0.775000,0.56532427,1.579038386793e-21
0.550000,0.835165,0.800000,0.62904004,1.579038386793e-21
0.550000,0.835165,0.825000,0.68957841,1.579038386793e-21
0.550000,0.835165,0.850000,0.74544873,1.579038386793e-21
0.550000,0.835165,0.875000,0.79527530,1.579038386793e-21
0.550000,0.835165,0.900000,0.83783120,1.579038386793e-21
0.550000,0.835165,0.925000,0.87206858,1.579038386793e-21
0.550000,0.835165,0.950000,0.89714439,1.579038386793e-21
0.550000,0.835165,0.975000,0.91244120,1.579038386793e-21
0.550000,0.835165,1.000000,0.91758233,1.579038386793e-21
0.600000,0.800000,0.000000,0.90000000,1.722587331047e-21
0.600000,0.800000,0.025000,0.89507534,1.722587331047e-21
0.600000,0.800000,0.050000,0.88042261,1.722587331047e-21
0.600000,0.800000,0.075000,0.85640261,1.722587331047e-21
0.600000,0.800000,0.100000,0.82360680,1.722587331047e-21
0.600000,0.800000,0.125000,0.78284271,1.722587331047e-21
0.600000,0.800000,0.150000,0.73511410,1.722587331047e-21
0.600000,0.800000,0.175000,0.68159620,1.722587331047e-21
0.600000,0.800000,0.200000,0.62360680,1.722587331047e-21
0.600000,0.800000,0.225000,0.56257379,1.722587331047e-21
0.600000,0.800000,0.250000,0.50000000,1.722587331047e-21
0.600000,0.800000,0.275000,0.43742621,1.722587331047e-21
0.600000,0.800000,0.300000,0.37639320,1.722587331047e-21
0.600000,0.800000,0.325000,0.31840380,1.722587331047e-21
0.600000,0.800000,0.350000,0.26488590,1.722587331047e-21
0.600000,0.800000,0.375000,0.21715729,1.722587331047e-21
0.600000,0.800000,0.400000,0.17639320,1.722587331047e-21
0.600000,0.800000,0.425000,0.14359739,1.722587331047e-21
0.600000,0.800000,0.450000,0.11957739,1.722587331047e-21
0.600000,0.800000,0.475000,0.10492466,1.722587331047e-21
0.600000,0.800000,0.500000,0.10000000,1.722587331047e-21
0.600000,0.800000,0.525000,0.10492466,1.722587331047e-21
0.600000,0.800000,0.550000,0.11957739,1.722587331047e-21
0.600000,0.800000,0.575000,0.14359739,1.722587331047e-21
0.600000,0.800000,0.600000,0.17639320,1.722587331047e-21
0.600000,0.800000,0.625000,0.21715729,1.722587331047e-21
0.600000,0.800000,0.650000,0.26488590,1.722587331047e-21
0.600000,0.800000,0.675000,0.31840380,1.722587331047e-21
0.600000,0.800000,0.700000,0.37639320,1.722587331047e-21
0.600000,0.800000,0.725000,0.43742621,1.722587331047e-21
0.600000,0.800000,0.750000,0.50000000,1.722587331047e-21
0.600000,0.800000,0.775000,0.56257379,1.722587331047e-21
0.600000,0.800000,0.800000,0.62360680,1.722587331047e-21
0.600000,0.800000,0.825000,0.68159620,1.722587331047e-21
0.600000,0.800000,0.850000,0.73511410,1.722587331047e-21
0.600000,0.800000,0.875000,0.78284271,1.722587331047e-21
0.600000,0.800000,0.900000,0.82360680,1.722587331047e-21
0.600000,0.800000,0.925000,0.85640261,1.722587331047e-21
0.600000,0.800000,0.950000,0.88042261,1.722587331047e-21
0.600000,0.800000,0.975000,0.89507534,1.722587331047e-21
0.600000,0.800000,1.000000,0.90000000,1.722587331047e-21
0.650000,0.759934,0.000000,0.87996710,1.866136275301e-21
0.650000,0.759934,0.025000,0.87528908,1.866136275301e-21
0.650000,0.759934,0.050000,0.86137019,1.866136275301e-21
0.650000,0.759934,0.075000,0.83855317,1.866136275301e-21
0.650000,0.759934,0.100000,0.80739984,1.866136275301e-21
0.650000,0.759934,0.125000,0.76867732,1.866136275301e-21
0.650000,0.759934,0.150000,0.72333906,1.866136275301e-21
0.650000,0.759934,0.175000,0.67250146,1.866136275301e-21
0.650000,0.759934,0.200000,0.61741629,1.866136275301e-21
0.650000,0.759934,0.225000,0.55943995,1.866136275301e-21
0.650000,0.759934,0.250000,0.50000000,1.866136275301e-21
0.650000,0.759934,0.275000,0.44056005,1.866136275301e-21
0.650000,0.759934,0.300000,0.38258371,1.866136275301e-21
0.650000,0.759934,0.325000,0.32749854,1.866136275301e-21
0.650000,0.759934,0.350000,0.27666094,1.866136275301e-21
0.650000,0.759934,0.375000,0.23132268,1.866136275301e-21
0.650000,0.759934,0.400000,0.19260016,1.866136275301e-21
0.650000,0.759934,0.425000,0.16144683,1.866136275301e-21
0.650000,0.759934,0.450000,0.13862981,1.866136275301e-21
0.650000,0.759934,0.475000,0.12471092,1.866136275301e-21
0.650000,0.759934,0.500000,0.12003290,1.866136275301e-21
0.650000,0.759934,0.525000,0.12471092,1.866136275301e-21
0.650000,0.759934,0.550000,0.13862981,1.866136275301e-21
0.650000,0.759934,0.575000,0.16144683,1.866136275301e-21
0.650000,0.759934,0.600000,0.19260016,1.866136275301e-21
0.650000,0.759934,0.625000,0.23132268,1.866136275301e-21
0.650000,0.759934,0.650000,0.27666094,1.866136275301e-21
0.650000,0.759934,0.675000,0.32749854,1.866136275301e-21
0.650000,0.759934,0.700000,0.38258371,1.866136275301e-21
0.650000,0.759934,0.725000,0.44056005,1.866136275301e-21
0.650000,0.759934,0.750000,0.50000000,1.866136275301e-21
0.650000,0.759934,0.775000,0.55943995,1.866136275301e-21
0.650000,0.759934,0.800000,0.61741629,1.866136275301e-21
0.650000,0.759934,0.825000,0.67250146,1.866136275301e-21
0.650000,0.759934,0.850000,0.72333906,1.866136275301e-21
0.650000,0.759934,0.875000,0.76867732,1.866136275301e-21
0.650000,0.759934,0.900000,0.80739984,1.866136275301e-21
0.650000,0.759934,0.925000,0.83855317,1.866136275301e-21
0.650000,0.759934,0.950000,0.86137019,1.866136275301e-21
0.650000,0.759934,0.975000,0.87528908,1.866136275301e-21
0.650000,0.759934,1.000000,0.87996710,1.866136275301e-21
0.700000,0.714143,0.000000,0.85707142,2.009685219555e-21
0.700000,0.714143,0.025000,0.85267528,2.009685219555e-21
0.700000,0.714143,0.050000,0.83959510,2.009685219555e-21
0.700000,0.714143,0.075000,0.81815297,2.009685219555e-21
0.700000,0.714143,0.100000,0.78887685,2.009685219555e-21
0.700000,0.714143,0.125000,0.75248762,2.009685219555e-21
0.700000,0.714143,0.150000,0.70988132,2.009685219555e-21
0.700000,0.714143,0.175000,0.66210703,2.009685219555e-21
0.700000,0.714143,0.200000,0.61034114,2.009685219555e-21
0.700000,0.714143,0.225000,0.55585828,2.009685219555e-21
0.700000,0.714143,0.250000,0.50000000,2.009685219555e-21
0.700000,0.714143,0.275000,0.44414172,2.009685219555e-21
0.700000,0.714143,0.300000,0.38965886,2.009685219555e-21
0.700000,0.714143,0.325000,0.33789297,2.009685219555e-21
0.700000,0.714143,0.350000,0.29011868,2.009685219555e-21
0.700000,0.714143,0.375000,0.24751238,2.009685219555e-21
0.700000,0.714143,0.400000,0.21112315,2.009685219555e-21
0.700000,0.714143,0.425000,0.18184703,2.009685219555e-21
0.700000,0.714143,0.450000,0.16040490,2.009685219555e-21
0.700000,0.714143,0.475000,0.14732472,2.009685219555e-21
0.700000,0.714143,0.500000,0.14292858,2.009685219555e-21
0.700000,0.714143,0.525000,0.14732472,2.009685219555e-21
0.700000,0.714143,0.550000,0.16040490,2.009685219555e-21
0.700000,0.714143,0.575000,0.18184703,2.009685219555e-21
0.700000,0.714143,0.600000,0.21112315,2.009685219555e-21
0.700000,0.714143,0.625000,0.24751238,2.009685219555e-21
0.700000,0.714143,0.650000,0.29011868,2.009685219555e-21
0.700000,0.714143,0.675000,0.33789297,2.009685219555e-21
0.700000,0.714143,0.700000,0.38965886,2.009685219555e-21
0.700000,0.714143,0.725000,0.44414172,2.009685219555e-21
0.700000,0.714143,0.750000,0.50000000,2.009685219555e-21
0.700000,0.714143,0.775000,0.55585828,2.009685219555e-21
0.700000,0.714143,0.800000,0.61034114,2.009685219555e-21
0.700000,0.714143,0.825000,0.66210703,2.009685219555e-21
0.700000,0.714143,0.850000,0.70988132,2.009685219555e-21
0.700000,0.714143,0.875000,0.75248762,2.009685219555e-21
0.700000,0.714143,0.900000,0.78887685,2.009685219555e-21
0.700000,0.714143,0.925000,0.81815297,2.009685219555e-21
0.700000,0.714143,0.950000,0.83959510,2.009685219555e-21
0.700000,0.714143,0.975000,0.85267528,2.009685219555e-21
0.700000,0.714143,1.000000,0.85707142,2.009685219555e-21
0.750000,0.661438,0.000000,0.83071891,2.153234163809e-21
0.750000,0.661438,0.025000,0.82664722,2.153234163809e-21
0.750000,0.661438,0.050000,0.81453238,2.153234163809e-21
0.750000,0.661438,0.075000,0.79467271,2.153234163809e-21
0.750000,0.661438,0.100000,0.76755722,2.153234163809e-21
0.750000,0.661438,0.125000,0.73385359,2.153234163809e-21
0.750000,0.661438,0.150000,0.69439170,2.153234163809e-21
0.750000,0.661438,0.175000,0.65014324,2.153234163809e-21
0.750000,0.661438,0.200000,0.60219776,2.153234163809e-21
0.750000,0.661438,0.225000,0.55173584,2.153234163809e-21
0.750000,0.661438,0.250000,0.50000000,2.153234163809e-21
0.750000,0.661438,0.275000,0.44826416,2.153234163809e-21
0.750000,0.661438,0.300000,0.39780224,2.153234163809e-21
0.750000,0.661438,0.325000,0.34985676,2.153234163809e-21
0.750000,0.661438,0.350000,0.30560830,2.153234163809e-21
0.750000,0.661438,0.375000,0.26614641,2.153234163809e-21
0.750000,0.661438,0.400000,0.23244278,2.153234163809e-21
0.750000,0.661438,0.425000,0.20532729,2.153234163809e-21
0.750000,0.661438,0.450000,0.18546762,2.153234163809e-21
0.750000,0.661438,0.475000,0.17335278,2.153234163809e-21
0.750000,0.661438,0.500000,0.16928109,2.153234163809e-21
0.750000,0.661438,0.525000,0.17335278,2.153234163809e-21
0.750000,0.661438,0.550000,0.18546762,2.153234163809e-21
0.750000,0.661438,0.575000,0.20532729,2.153234163809e-21
0.750000,0.661438,0.600000,0.23244278,2.153234163809e-21
0.750000,0.661438,0.625000,0.26614641,2.153234163809e-21
0.750000,0.661438,0.650000,0.30560830,2.153234163809e-21
0.750000,0.661438,0.675000,0.34985676,2.153234163809e-21
0.750000,0.661438,0.700000,0.39780224,2.153234163809e-21
0.750000,0.661438,0.725000,0.44826416,2.153234163809e-21
0.750000,0.661438,0.750000,0.50000000,2.153234163809e-21
0.750000,0.661438,0.775000,0.55173584,2.153234163809e-21
0.750000,0.661438,0.800000,0.60219776,2.153234163809e-21
0.750000,0.661438,0.825000,0.65014324,2.153234163809e-21
0.750000,0.661438,0.850000,0.69439170,2.153234163809e-21
0.750000,0.661438,0.875000,0.73385359,2.153234163809e-21
0.750000,0.661438,0.900000,0.76755722,2.153234163809e-21
0.750000,0.661438,0.925000,0.79467271,2.153234163809e-21
0.750000,0.661438,0.950000,0.81453238,2.153234163809e-21
0.750000,0.661438,0.975000,0.82664722,2.153234163809e-21
0.750000,0.661438,1.000000,0.83071891,2.153234163809e-21
0.800000,0.600000,0.000000,0.80000000,2.296783108063e-21
0.800000,0.600000,0.025000,0.79630650,2.296783108063e-21
0.800000,0.600000,0.050000,0.78531695,2.296783108063e-21
0.800000,0.600000,0.075000,0.76730196,2.296783108063e-21
0.800000,0.600000,0.100000,0.74270510,2.296783108063e-21
0.800000,0.600000,0.125000,0.71213203,2.296783108063e-21
0.800000,0.600000,0.150000,0.67633558,2.296783108063e-21
0.800000,0.600000,0.175000,0.63619715,2.296783108063e-21
0.800000,0.600000,0.200000,0.59270510,2.296783108063e-21
0.800000,0.600000,0.225000,0.54693034,2.296783108063e-21
0.800000,0.600000,0.250000,0.50000000,2.296783108063e-21
0.800000,0.600000,0.275000,0.45306966,2.296783108063e-21
0.800000,0.600000,0.300000,0.40729490,2.296783108063e-21
0.800000,0.600000,0.325000,0.36380285,2.296783108063e-21
0.800000,0.600000,0.350000,0.32366442,2.296783108063e-21
0.800000,0.600000,0.375000,0.28786797,2.296783108063e-21
0.800000,0.600000,0.400000,0.25729490,2.296783108063e-21
0.800000,0.600000,0.425000,0.23269804,2.296783108063e-21
0.800000,0.600000,0.450000,0.21468305,2.296783108063e-21
0.800000,0.600000,0.475000,0.20369350,2.296783108063e-21
0.800000,0.600000,0.500000,0.20000000,2.296783108063e-21
0.800000,0.600000,0.525000,0.20369350,2.296783108063e-21
0.800000,0.600000,0.550000,0.21468305,2.296783108063e-21
0.800000,0.600000,0.575000,0.23269804,2.296783108063e-21
0.800000,0.600000,0.600000,0.25729490,2.296783108063e-21
0.800000,0.600000,0.625000,0.28786797,2.296783108063e-21
0.800000,0.600000,0.650000,0.32366442,2.296783108063e-21
0.800000,0.600000,0.675000,0.36380285,2.296783108063e-21
0.800000,0.600000,0.700000,0.40729490,2.296783108063e-21
0.800000,0.600000,0.725000,0.45306966,2.296783108063e-21
0.800000,0.600000,0.750000,0.50000000,2.296783108063e-21
0.800000,0.600000,0.775000,0.54693034,2.296783108063e-21
0.800000,0.600000,0.800000,0.59270510,2.296783108063e-21
0.800000,0.600000,0.825000,0.63619715,2.296783108063e-21
0.800000,0.600000,0.850000,0.67633558,2.296783108063e-21
0.800000,0.600000,0.875000,0.71213203,2.296783108063e-21
0.800000,0.600000,0.900000,0.74270510,2.296783108063e-21
0.800000,0.600000,0.925000,0.76730196,2.296783108063e-21
0.800000,0.600000,0.950000,0.78531695,2.296783108063e-21
0.800000,0.600000,0.975000,0.79630650,2.296783108063e-21
0.800000,0.600000,1.000000,0.80000000,2.296783108063e-21
0.850000,0.526783,0.000000,0.76339134,2.440332052317e-21
0.850000,0.526783,0.025000,0.76014856,2.440332052317e-21
0.850000,0.526783,0.050000,0.75050005,2.440332052317e-21
0.850000,0.526783,0.075000,0.73468341,2.440332052317e-21
0.850000,0.526783,0.100000,0.71308807,2.440332052317e-21
0.850000,0.526783,0.125000,0.68624581,2.440332052317e-21
0.850000,0.526783,0.150000,0.65481755,2.440332052317e-21
0.850000,0.526783,0.175000,0.61957717,2.440332052317e-21
0.850000,0.526783,0.200000,0.58139240,2.440332052317e-21
0.850000,0.526783,0.225000,0.54120348,2.440332052317e-21
0.850000,0.526783,0.250000,0.50000000,2.440332052317e-21
0.850000,0.526783,0.275000,0.45879652,2.440332052317e-21
0.850000,0.526783,0.300000,0.41860760,2.440332052317e-21
0.850000,0.526783,0.325000,0.38042283,2.440332052317e-21
0.850000,0.526783,0.350000,0.34518245,2.440332052317e-21
0.850000,0.526783,0.375000,0.31375419,2.440332052317e-21
0.850000,0.526783,0.400000,0.28691193,2.440332052317e-21
0.850000,0.526783,0.425000,0.26531659,2.440332052317e-21
0.850000,0.526783,0.450000,0.24949995,2.440332052317e-21
0.850000,0.526783,0.475000,0.23985144,2.440332052317e-21
0.850000,0.526783,0.500000,0.23660866,2.440332052317e-21
0.850000,0.526783,0.525000,0.23985144,2.440332052317e-21
0.850000,0.526783,0.550000,0.24949995,2.440332052317e-21
0.850000,0.526783,0.575000,0.26531659,2.440332052317e-21
0.850000,0.526783,0.600000,0.28691193,2.440332052317e-21
0.850000,0.526783,0.625000,0.31375419,2.440332052317e-21
0.850000,0.526783,0.650000,0.34518245,2.440332052317e-21
0.850000,0.526783,0.675000,0.38042283,2.440332052317e-21
0.850000,0.526783,0.700000,0.41860760,2.440332052317e-21
0.850000,0.526783,0.725000,0.45879652,2.440332052317e-21
0.850000,0.526783,0.750000,0.50000000,2.440332052317e-21
0.850000,0.526783,0.775000,0.54120348,2.440332052317e-21
0.850000,0.526783,0.800000,0.58139240,2.440332052317e-21
0.850000,0.526783,0.825000,0.61957717,2.440332052317e-21
0.850000,0.526783,0.850000,0.65481755,2.440332052317e-21
0.850000,0.526783,0.875000,0.68624581,2.440332052317e-21
0.850000,0.526783,0.900000,0.71308807,2.440332052317e-21
0.850000,0.526783,0.925000,0.73468341,2.440332052317e-21
0.850000,0.526783,0.950000,0.75050005,2.440332052317e-21
0.850000,0.526783,0.975000,0.76014856,2.440332052317e-21
0.850000,0.526783,1.000000,0.76339134,2.440332052317e-21
0.900000,0.435890,0.000000,0.71794495,2.583880996571e-21
0.900000,0.435890,0.025000,0.71526168,2.583880996571e-21
0.900000,0.435890,0.050000,0.70727796,2.583880996571e-21
0.900000,0.435890,0.075000,0.69419037,2.583880996571e-21
0.900000,0.435890,0.100000,0.67632117,2.583880996571e-21
0.900000,0.435890,0.125000,0.65411035,2.583880996571e-21
0.900000,0.435890,0.150000,0.62810483,2.583880996571e-21
0.900000,0.435890,0.175000,0.59894494,2.583880996571e-21
0.900000,0.435890,0.200000,0.56734869,2.583880996571e-21
0.900000,0.435890,0.225000,0.53409410,2.583880996571e-21
0.900000,0.435890,0.250000,0.50000000,2.583880996571e-21
0.900000,0.435890,0.275000,0.46590590,2.583880996571e-21
0.900000,0.435890,0.300000,0.43265131,2.583880996571e-21
0.900000,0.435890,0.325000,0.40105506,2.583880996571e-21
0.900000,0.435890,0.350000,0.37189517,2.583880996571e-21
0.900000,0.435890,0.375000,0.34588965,2.583880996571e-21
0.900000,0.435890,0.400000,0.32367883,2.583880996571e-21
0.900000,0.435890,0.425000,0.30580963,2.583880996571e-21
0.900000,0.435890,0.450000,0.29272204,2.583880996571e-21
0.900000,0.435890,0.475000,0.28473832,2.583880996571e-21
0.900000,0.435890,0.500000,0.28205505,2.583880996571e-21
0.900000,0.435890,0.525000,0.28473832,2.583880996571e-21
0.900000,0.435890,0.550000,0.29272204,2.583880996571e-21
0.900000,0.435890,0.575000,0.30580963,2.583880996571e-21
0.900000,0.435890,0.600000,0.32367883,2.583880996571e-21
0.900000,0.435890,0.625000,0.34588965,2.583880996571e-21
0.900000,0.435890,0.650000,0.37189517,2.583880996571e-21
0.900000,0.435890,0.675000,0.40105506,2.583880996571e-21
0.900000,0.435890,0.700000,0.43265131,2.583880996571e-21
0.900000,0.435890,0.725000,0.46590590,2.583880996571e-21
0.900000,0.435890,0.750000,0.50000000,2.583880996571e-21
0.900000,0.435890,0.775000,0.53409410,2.583880996571e-21
0.900000,0.435890,0.800000,0.56734869,2.583880996571e-21
0.900000,0.435890,0.825000,0.59894494,2.583880996571e-21
0.900000,0.435890,0.850000,0.62810483,2.583880996571e-21
0.900000,0.435890,0.875000,0.65411035,2.583880996571e-21
0.900000,0.435890,0.900000,0.67632117,2.583880996571e-21
0.900000,0.435890,0.925000,0.69419037,2.583880996571e-21
0.900000,0.435890,0.950000,0.70727796,2.583880996571e-21
0.900000,0.435890,0.975000,0.71526168,2.583880996571e-21
0.900000,0.435890,1.000000,0.71794495,2.583880996571e-21
0.950000,0.312250,0.000000,0.65612495,2.727429940825e-21
0.950000,0.312250,0.025000,0.65420279,2.727429940825e-21
0.950000,0.312250,0.050000,0.64848365,2.727429940825e-21
0.950000,0.312250,0.075000,0.63910835,2.727429940825e-21
0.950000,0.312250,0.100000,0.62630774,2.727429940825e-21
0.950000,0.312250,0.125000,0.61039701,2.727429940825e-21
0.950000,0.312250,0.150000,0.59176794,2.727429940825e-21
0.950000,0.312250,0.175000,0.57087924,2.727429940825e-21
0.950000,0.312250,0.200000,0.54824526,2.727429940825e-21
0.950000,0.312250,0.225000,0.52442332,2.727429940825e-21
0.950000,0.312250,0.250000,0.50000000,2.727429940825e-21
0.950000,0.312250,0.275000,0.47557668,2.727429940825e-21
0.950000,0.312250,0.300000,0.45175474,2.727429940825e-21
0.950000,0.312250,0.325000,0.42912076,2.727429940825e-21
0.950000,0.312250,0.350000,0.40823206,2.727429940825e-21
0.950000,0.312250,0.375000,0.38960299,2.727429940825e-21
0.950000,0.312250,0.400000,0.37369226,2.727429940825e-21
0.950000,0.312250,0.425000,0.36089165,2.727429940825e-21
0.950000,0.312250,0.450000,0.35151635,2.727429940825e-21
0.950000,0.312250,0.475000,0.34579721,2.727429940825e-21
0.950000,0.312250,0.500000,0.34387505,2.727429940825e-21
0.950000,0.312250,0.525000,0.34579721,2.727429940825e-21
0.950000,0.312250,0.550000,0.35151635,2.727429940825e-21
0.950000,0.312250,0.575000,0.36089165,2.727429940825e-21
0.950000,0.312250,0.600000,0.37369226,2.727429940825e-21
0.950000,0.312250,0.625000,0.38960299,2.727429940825e-21
0.950000,0.312250,0.650000,0.40823206,2.727429940825e-21
0.950000,0.312250,0.675000,0.42912076,2.727429940825e-21
0.950000,0.312250,0.700000,0.45175474,2.727429940825e-21
0.950000,0.312250,0.725000,0.47557668,2.727429940825e-21
0.950000,0.312250,0.750000,0.50000000,2.727429940825e-21
0.950000,0.312250,0.775000,0.52442332,2.727429940825e-21
0.950000,0.312250,0.800000,0.54824526,2.727429940825e-21
0.950000,0.312250,0.825000,0.57087924,2.727429940825e-21
0.950000,0.312250,0.850000,0.59176794,2.727429940825e-21
0.950000,0.312250,0.875000,0.61039701,2.727429940825e-21
0.950000,0.312250,0.900000,0.62630774,2.727429940825e-21
0.950000,0.312250,0.925000,0.63910835,2.727429940825e-21
0.950000,0.312250,0.950000,0.64848365,2.727429940825e-21
0.950000,0.312250,0.975000,0.65420279,2.727429940825e-21
0.950000,0.312250,1.000000,0.65612495,2.727429940825e-21
1.000000,0.000000,0.000000,0.50000000,2.870978885079e-21
1.000000,0.000000,0.025000,0.50000000,2.870978885079e-21
1.000000,0.000000,0.050000,0.50000000,2.870978885079e-21
1.000000,0.000000,0.075000,0.50000000,2.870978885079e-21
1.000000,0.000000,0.100000,0.50000000,2.870978885079e-21
1.000000,0.000000,0.125000,0.50000000,2.870978885079e-21
1.000000,0.000000,0.150000,0.50000000,2.870978885079e-21
1.000000,0.000000,0.175000,0.50000000,2.870978885079e-21
1.000000,0.000000,0.200000,0.50000000,2.870978885079e-21
1.000000,0.000000,0.225000,0.50000000,2.870978885079e-21
1.000000,0.000000,0.250000,0.50000000,2.870978885079e-21
1.000000,0.000000,0.275000,0.50000000,2.870978885079e-21
1.000000,0.000000,0.300000,0.50000000,2.870978885079e-21
1.000000,0.000000,0.325000,0.50000000,2.870978885079e-21
1.000000,0.000000,0.350000,0.50000000,2.870978885079e-21
1.000000,0.000000,0.375000,0.50000000,2.870978885079e-21
1.000000,0.000000,0.400000,0.50000000,2.870978885079e-21
1.000000,0.000000,0.425000,0.50000000,2.870978885079e-21
1.000000,0.000000,0.450000,0.50000000,2.870978885079e-21
1.000000,0.000000,0.475000,0.50000000,2.870978885079e-21
1.000000,0.000000,0.500000,0.50000000,2.870978885079e-21
1.000000,0.000000,0.525000,0.50000000,2.870978885079e-21
1.000000,0.000000,0.550000,0.50000000,2.870978885079e-21
1.000000,0.000000,0.575000,0.50000000,2.870978885079e-21
1.000000,0.000000,0.600000,0.50000000,2.870978885079e-21
1.000000,0.000000,0.625000,0.50000000,2.870978885079e-21
1.000000,0.000000,0.650000,0.50000000,2.870978885079e-21
1.000000,0.000000,0.675000,0.50000000,2.870978885079e-21
1.000000,0.000000,0.700000,0.50000000,2.870978885079e-21
1.000000,0.000000,0.725000,0.50000000,2.870978885079e-21
1.000000,0.000000,0.750000,0.50000000,2.870978885079e-21
1.000000,0.000000,0.775000,0.50000000,2.870978885079e-21
1.000000,0.000000,0.800000,0.50000000,2.870978885079e-21
1.000000,0.000000,0.825000,0.50000000,2.870978885079e-21
1.000000,0.000000,0.850000,0.50000000,2.870978885079e-21
1.000000,0.000000,0.875000,0.50000000,2.870978885079e-21
1.000000,0.000000,0.900000,0.50000000,2.870978885079e-21
1.000000,0.000000,0.925000,0.50000000,2.870978885079e-21
1.000000,0.000000,0.950000,0.50000000,2.870978885079e-21
1.000000,0.000000,0.975000,0.50000000,2.870978885079e-21
1.000000,0.000000,1.000000,0.50000000,2.870978885079e-21
