x,rho
-19.99023438,3.4771010049866e-30
-19.97070312,4.3574164991761e-31
-19.95117188,4.6112179546599e-31
-19.93164062,2.955640426216e-31
-19.91210938,1.9740781929969e-31
-19.89257812,5.1338070080072e-32
-19.87304688,4.6950560925515e-31
-19.85351562,1.2033451033774e-31
-19.83398438,6.4598097747178e-31
-19.81445312,2.2095231286983e-31
-19.79492188,2.6378018000814e-31
-19.77539062,1.0315762264624e-32
-19.75585938,2.9529320872317e-30
-19.73632812,4.1673512877894e-31
-19.71679688,2.195680507223e-31
-19.69726562,1.6824201770438e-31
-19.67773438,1.6211635677501e-30
-19.65820312,1.8143463782343e-31
-19.63867188,7.6806086182163e-31
-19.61914062,5.1813834961647e-31
-19.59960938,1.5951514764387e-31
-19.58007812,7.5504277910379e-31
-19.56054688,6.0764594378186e-31
-19.54101562,1.8802267240273e-31
-19.52148438,1.5285940458997e-30
-19.50195312,8.1084659924241e-31
-19.48242188,5.3670721069844e-31
-19.46289062,7.9309343720036e-31
-19.44335938,1.0303860619421e-30
-19.42382812,1.1625148243192e-30
-19.40429688,1.7232559103959e-32
-19.38476562,9.5818023998803e-32
-19.36523438,1.2076551239444e-30
-19.34570312,7.4030941502922e-32
-19.32617188,4.079029344246e-31
-19.30664062,2.6580842498082e-31
-19.28710938,8.4103254185514e-31
-19.26757812,1.5384569137008e-31
-19.24804688,9.549001405515e-32
-19.22851562,5.1232143933131e-31
-19.20898438,8.3818878592163e-31
-19.18945312,1.0640762942739e-31
-19.16992188,2.40945873105e-31
-19.15039062,1.0328401179884e-30
-19.13085938,1.4057483034704e-30
-19.11132812,5.470844748275e-31
-19.09179688,1.3108360683986e-31
-19.07226562,2.1575230201998e-31
-19.05273438,3.2289419223867e-31
-19.03320312,5.1159018780555e-31
-19.01367188,1.1213727101195e-31
-18.99414062,3.0604230522528e-32
-18.97460938,1.0340919724523e-30
-18.95507812,4.9978182983403e-31
-18.93554688,3.6451233463067e-31
-18.91601562,3.7563157079396e-31
-18.89648438,3.2116837845257e-30
-18.87695312,6.4035440323191e-31
-18.85742188,2.1915277207804e-31
-18.83789062,3.4399591450825e-31
-18.81835938,1.3101507081723e-30
-18.79882812,3.7888157757512e-31
-18.77929688,3.3588218230113e-31
-18.75976562,2.5195075717785e-31
-18.74023438,1.0785766283484e-30
-18.72070312,1.5137752939155e-31
-18.70117188,1.1996625146752e-32
-18.68164062,4.9442571333439e-31
-18.66210938,9.7130251852513e-32
-18.64257812,2.0743205896531e-31
-18.62304688,4.5727012365631e-31
-18.60351562,5.0064492480617e-31
-18.58398438,6.2520651282948e-31
-18.56445312,2.2021240970564e-31
-18.54492188,8.5462577044895e-32
-18.52539062,1.350878107965e-32
-18.50585938,7.3312874321802e-31
-18.48632812,4.3843531873241e-31
-18.46679688,3.4873249846523e-31
-18.44726562,7.7000522351744e-32
-18.42773438,1.0073234270162e-31
-18.40820312,7.8007873990624e-32
-18.38867188,1.7544206166249e-32
-18.36914062,7.3740867112959e-31
-18.34960938,1.1499761552173e-30
-18.33007812,2.13553074341e-30
-18.31054688,6.6834659126737e-32
-18.29101562,3.0020207313221e-31
-18.27148438,3.6373180638172e-31
-18.25195312,5.253519352695e-32
-18.23242188,1.8514844765564e-31
-18.21289062,8.2449606348596e-31
-18.19335938,3.6406470638187e-33
-18.17382812,3.844054606285e-32
-18.15429688,3.9299898260985e-31
-18.13476562,7.3986742915332e-32
-18.11523438,3.5242731230873e-31
-18.09570312,1.4567933463187e-30
-18.07617188,2.2119606337841e-31
-18.05664062,3.2046571494942e-31
-18.03710938,7.1032208394201e-32
-18.01757812,3.6645180626997e-31
-17.99804688,6.9208052750708e-31
-17.97851562,7.5765453947222e-32
-17.95898438,1.7005239655408e-30
-17.93945312,1.2976559555394e-31
-17.91992188,2.7157765721511e-31
-17.90039062,3.6986642928002e-31
-17.88085938,9.6769187007714e-32
-17.86132812,1.1742005782299e-30
-17.84179688,1.6622065231238e-30
-17.82226562,1.8941454897476e-30
-17.80273438,1.7712569459705e-30
-17.78320312,3.9762239937468e-30
-17.76367188,4.3172094437127e-30
-17.74414062,3.5481206120813e-30
-17.72460938,4.4313803434615e-30
-17.70507812,3.6663862993814e-30
-17.68554688,4.1915608290435e-30
-17.66601562,9.1568237643179e-30
-17.64648438,1.3982217165856e-29
-17.62695312,9.7310638513613e-30
-17.60742188,1.1544163265188e-29
-17.58789062,1.8493785925329e-29
-17.56835938,1.7708233707567e-29
-17.54882812,2.4499635956561e-29
-17.52929688,2.7074155159325e-29
-17.50976562,3.8200707599463e-29
-17.49023438,3.056810504206e-29
-17.47070312,4.4023640929595e-29
-17.45117188,4.9174952835237e-29
-17.43164062,6.7368141721332e-29
-17.41210938,7.3890625469412e-29
-17.39257812,9.0749969442803e-29
-17.37304688,1.1364092276043e-28
-17.35351562,1.4797878213801e-28
-17.33398438,1.8109194567322e-28
-17.31445312,1.9462646650565e-28
-17.29492188,2.3753275510388e-28
-17.27539062,2.8647265420794e-28
-17.25585938,3.6665570206577e-28
-17.23632812,4.3035454701073e-28
-17.21679688,5.4603514393436e-28
-17.19726562,6.6826923508744e-28
-17.17773438,8.008556450629e-28
-17.15820312,9.5562988744449e-28
-17.13867188,1.2282953452511e-27
-17.11914062,1.4084615174649e-27
-17.09960938,1.7919679991343e-27
-17.08007812,2.1052736241442e-27
-17.06054688,2.7292061463525e-27
-17.04101562,3.2485820383659e-27
-17.02148438,3.8775994248875e-27
-17.00195312,4.5552421610143e-27
-16.98242188,5.8561728948565e-27
-16.96289062,6.8146744040333e-27
-16.94335938,8.4406722966851e-27
-16.92382812,9.9667886216743e-27
-16.90429688,1.2427124258879e-26
-16.88476562,1.4929043419885e-26
-16.86523438,1.7973954021253e-26
-16.84570312,2.1567131473989e-26
-16.82617188,2.6381764704927e-26
-16.80664062,3.1963571521762e-26
-16.78710938,3.8388583305356e-26
-16.76757812,4.6218613031636e-26
-16.74804688,5.5940531312758e-26
-16.72851562,6.7845561241544e-26
-16.70898438,8.1516774903628e-26
-16.68945312,9.8422570573942e-26
-16.66992188,1.1892943952828e-25
-16.65039062,1.4244592184367e-25
-16.63085938,1.7209569422657e-25
-16.61132812,2.0590674365866e-25
-16.59179688,2.4818445431944e-25
-16.57226562,2.9862543176846e-25
-16.55273438,3.6032767679195e-25
-16.53320312,4.3165355161e-25
-16.51367188,5.181273713343e-25
-16.49414062,6.2343667517374e-25
-16.47460938,7.4938092081622e-25
-16.45507812,8.9807859017827e-25
-16.43554688,1.0775353400785e-24
-16.41601562,1.2913180024037e-24
-16.39648438,1.5464510213917e-24
-16.37695312,1.8586551271884e-24
-16.35742188,2.2255750407462e-24
-16.33789062,2.6669656377096e-24
-16.31835938,3.1937759817684e-24
-16.29882812,3.8222753401277e-24
-16.27929688,4.5764132438212e-24
-16.25976562,5.4740748845147e-24
-16.24023438,6.5500309695018e-24
-16.22070312,7.8228863666054e-24
-16.20117188,9.3536615753042e-24
-16.18164062,1.1182096088326e-23
-16.16210938,1.3354291877307e-23
-16.14257812,1.5946055315005e-23
-16.12304688,1.9041313000873e-23
-16.10351562,2.2723426397546e-23
-16.08398438,2.7113214936354e-23
-16.06445312,3.233498963205e-23
-16.04492188,3.8551349838843e-23
-16.02539062,4.5965192488803e-23
-16.00585938,5.4756769639283e-23
-15.98632812,6.5229514279907e-23
-15.96679688,7.7671776000272e-23
-15.94726562,9.2462833547228e-23
-15.92773438,1.1004765472762e-22
-15.90820312,1.3094090578309e-22
-15.88867188,1.5572063411159e-22
-15.86914062,1.8516358477779e-22
-15.84960938,2.2008981418628e-22
-15.83007812,2.6152901588183e-22
-15.81054688,3.1065526461127e-22
-15.79101562,3.6892596905495e-22
-15.77148438,4.3799981074723e-22
-15.75195312,5.1983489422771e-22
-15.73242188,6.167366973964e-22
-15.71289062,7.3152603922523e-22
-15.69335938,8.6738271309474e-22
-15.67382812,1.0282387696066e-21
-15.65429688,1.2183109969661e-21
-15.63476562,1.4433749865456e-21
-15.61523438,1.7094137716597e-21
-15.59570312,2.0238256257678e-21
-15.57617188,2.3951117252258e-21
-15.55664062,2.8340206462746e-21
-15.53710938,3.3521392480338e-21
-15.51757812,3.9639977805739e-21
-15.49804688,4.6857772249701e-21
-15.47851562,5.5374200197147e-21
-15.45898438,6.5419914112433e-21
-15.43945312,7.7261432000701e-21
-15.41992188,9.1221552006236e-21
-15.40039062,1.0767235931816e-20
-15.38085938,1.2704482831159e-20
-15.36132812,1.4986538658857e-20
-15.34179688,1.7672500710559e-20
-15.32226562,2.0833621590475e-20
-15.30273438,2.4552814150443e-20
-15.28320312,2.8926960747016e-20
-15.26367188,3.407025779449e-20
-15.24414062,4.0115294534567e-20
-15.22460938,4.7218872192793e-20
-15.20507812,5.5563702486127e-20
-15.18554688,6.536290463053e-20
-15.16601562,7.6866935020721e-20
-15.14648438,9.0368060156693e-20
-15.12695312,1.0620781629504e-19
-15.10742188,1.2478673588472e-19
-15.08789062,1.4656992522878e-19
-15.06835938,1.7210375412154e-19
-15.04882812,2.0202550430287e-19
-15.02929688,2.3707470982192e-19
-15.00976562,2.781206831925e-19
-14.99023438,3.2617267030373e-19
-14.97070312,3.8241179840865e-19
-14.95117188,4.482101024769e-19
-14.93164062,5.2516998581604e-19
-14.91210938,6.1515560660348e-19
-14.89257812,7.2034119342792e-19
-14.87304688,8.4325511017992e-19
-14.85351562,9.8683884303917e-19
-14.83398438,1.1545218780331e-18
-14.81445312,1.3502807535521e-18
-14.79492188,1.5787551599947e-18
-14.77539062,1.8453220515887e-18
-14.75585938,2.1562416115477e-18
-14.73632812,2.5187794963104e-18
-14.71679688,2.9413741816151e-18
-14.69726562,3.4338259891032e-18
-14.67773438,4.007494380234e-18
-14.65820312,4.6755783890711e-18
-14.63867188,5.4533817963548e-18
-14.61914062,6.3586219111189e-18
-14.59960938,7.411872667523e-18
-14.58007812,8.636951613638e-18
-14.56054688,1.0061442835061e-17
-14.54101562,1.1717307730805e-17
-14.52148438,1.3641511244708e-17
-14.50195312,1.5876872003045e-17
-14.48242188,1.8472880071731e-17
-14.46289062,2.148679554404e-17
-14.44335938,2.4984829424601e-17
-14.42382812,2.9043475793835e-17
-14.40429688,3.375112637209e-17
-14.38476562,3.920986092097e-17
-14.36523438,4.5537556639103e-17
-14.34570312,5.287029860987e-17
-14.32617188,6.13650639396e-17
-14.30664062,7.1202976312998e-17
-14.28710938,8.2592865626615e-17
-14.26757812,9.5775494136938e-17
-14.24804688,1.1102830125341e-16
-14.22851562,1.286709660544e-16
-14.20898438,1.4907152882502e-16
-14.18945312,1.7265392667284e-16
-14.16992188,1.9990589627583e-16
-14.15039062,2.3138876449944e-16
-14.13085938,2.6774807173157e-16
-14.11132812,3.097261223955e-16
-14.09179688,3.5817637367979e-16
-14.07226562,4.140791807076e-16
-14.05273438,4.7856107025719e-16
-14.03320312,5.5291549193793e-16
-14.01367188,6.3862755853172e-16
-13.99414062,7.3740149535447e-16
-13.97460938,8.5119257275707e-16
-13.95507812,9.8224323017812e-16
-13.93554688,1.1331250108306e-15
-13.91601562,1.3067846126384e-15
-13.89648438,1.5065990133297e-15
-13.87695312,1.7364361087754e-15
-13.85742188,2.0007249596176e-15
-13.83789062,2.3045357153241e-15
-13.81835938,2.6536702346649e-15
-13.79882812,3.0547658008854e-15
-13.77929688,3.515413237451e-15
-13.75976562,4.0442899194028e-15
-13.74023438,4.6513140018744e-15
-13.72070312,5.3478165624533e-15
-13.70117188,6.1467392686177e-15
-13.68164062,7.0628592576234e-15
-13.66210938,8.1130430517587e-15
-13.64257812,9.3165359849418e-15
-13.62304688,1.0695291457494e-14
-13.60351562,1.2274342524031e-14
-13.58398438,1.408222640999e-14
-13.56445312,1.6151463098897e-14
-13.54492188,1.8519100014761e-14
-13.52539062,2.1227328865764e-14
-13.50585938,2.4324183835008e-14
-13.48632812,2.7864334873283e-14
-13.46679688,3.1909981304247e-14
-13.44726562,3.6531867025991e-14
-13.42773438,4.1810432949299e-14
-13.40820312,4.7837108448532e-14
-13.38867188,5.4715784972445e-14
-13.36914062,6.2564477236648e-14
-13.34960938,7.151719344139e-14
-13.33007812,8.1726062635704e-14
-13.31054688,9.3363720167483e-14
-13.29101562,1.0662601684681e-13
-13.27148438,1.2173506350455e-13
-13.25195312,1.3894267429205e-13
-13.23242188,1.5853424295506e-13
-13.21289062,1.8083312011959e-13
-13.19335938,2.0620554133536e-13
-13.17382812,2.3506618134104e-13
-13.15429688,2.6788440820269e-13
-13.13476562,3.0519132483447e-13
-13.11523438,3.4758769817651e-13
-13.09570312,3.9575287018361e-13
-13.07617188,4.5045479386265e-13
-13.05664062,5.1256130371145e-13
-13.03710938,5.8305279669671e-13
-13.01757812,6.6303646712465e-13
-12.99804688,7.537622970844e-13
-12.97851562,8.5664102310343e-13
-12.95898438,9.7326429552682e-13
-12.93945312,1.1054272782253e-12
-12.91992188,1.2551540413933e-12
-12.90039062,1.4247259755182e-12
-12.88085938,1.6167137075452e-12
-12.86132812,1.8340128011984e-12
-12.84179688,2.079883779557e-12
-12.82226562,2.357996940937e-12
-12.80273438,2.6724825059798e-12
-12.78320312,3.027986736434e-12
-12.76367188,3.4297347130103e-12
-12.74414062,3.8836005531348e-12
-12.72460938,4.3961858378439e-12
-12.70507812,4.9749073322022e-12
-12.68554688,5.6280948988751e-12
-12.66601562,6.3651008909703e-12
-12.64648438,7.1964222238779e-12
-12.62695312,8.1338366110547e-12
-12.60742188,9.1905545257762e-12
-12.58789062,1.0381388686425e-11
-12.56835938,1.1722942934422e-11
-12.54882812,1.3233822775951e-11
-12.52929688,1.4934869814179e-11
-12.50976562,1.6849422968807e-11
-12.49023438,1.900360903947e-11
-12.47070312,2.1426666302052e-11
-12.45117188,2.4151304207609e-11
-12.43164062,2.7214103660726e-11
-12.41210938,3.0655961706e-11
-12.39257812,3.4522585909412e-11
-12.37304688,3.8865043387478e-11
-12.35351562,4.3740370627749e-11
-12.33398438,4.9212250300414e-11
-12.31445312,5.5351762437991e-11
-12.29492188,6.2238217638462e-11
-12.27539062,6.9960081053983e-11
-12.25585938,7.861599673846e-11
-12.23632812,8.8315922518402e-11
-12.21679688,9.9182387505768e-11
-12.19726562,1.1135188438895e-10
-12.17773438,1.2497641057151e-10
-12.15820312,1.4022517395402e-10
-12.13867188,1.5728647933551e-10
-12.11914062,1.7636981495531e-10
-12.09960938,1.9770815847117e-10
-12.08007812,2.2156052548131e-10
-12.06054688,2.4821478443774e-10
-12.04101562,2.7799076525741e-10
-12.02148438,3.1124369042267e-10
-12.00195312,3.4836796131997e-10
-11.98242188,3.8980133462409e-10
-11.96289062,4.3602952759847e-10
-11.94335938,4.8759129421276e-10
-11.92382812,5.4508401862895e-10
-11.90429688,6.0916987632417e-10
-11.88476562,6.8058261814152e-10
-11.86523438,7.6013503691238e-10
-11.84570312,8.4872718422167e-10
-11.82617188,9.4735540678426e-10
-11.80664062,1.0571222830555e-09
-11.78710938,1.179247544455e-09
-11.76757812,1.3150800745314e-09
-11.74804688,1.4661110886055e-09
-11.72851562,1.6339886035473e-09
-11.70898438,1.8205333189574e-09
-11.68945312,2.0277560417225e-09
-11.66992188,2.2578767954159e-09
-11.65039062,2.5133457711736e-09
-11.63085938,2.7968662884413e-09
-11.61132812,3.1114199498854e-09
-11.59179688,3.4602941903675e-09
-11.57226562,3.8471124345544e-09
-11.55273438,4.2758671006211e-09
-11.53320312,4.7509557060498e-09
-11.51367188,5.2772203489905e-09
-11.49414062,5.859990867778e-09
-11.47460938,6.5051320046912e-09
-11.45507812,7.2190949231699e-09
-11.43554688,8.0089734631054e-09
-11.41601562,8.882565544928e-09
-11.39648438,9.848440169566e-09
-11.37695312,1.0916010499742e-08
-11.35742188,1.209561353837e-08
-11.33789062,1.3398596977298e-08
-11.31835938,1.483741381666e-08
-11.29882812,1.6425725416257e-08
-11.27929688,1.8178513692553e-08
-11.25976562,2.0112203217837e-08
-11.24023438,2.2244794053576e-08
-11.22070312,2.4596006203892e-08
-11.20117188,2.7187436650684e-08
-11.18164062,3.0042729994688e-08
-11.16210938,3.3187763818512e-08
-11.14257812,3.665084996211e-08
-11.12304688,4.0462952998152e-08
-11.10351562,4.4657927280024e-08
-11.08398438,4.9272774049587e-08
-11.06445312,5.4347920194583e-08
-11.04492188,5.992752036775e-08
-11.02539062,6.6059784286424e-08
-11.00585938,7.2797331198894e-08
-10.98632812,8.0197573596414e-08
-10.96679688,8.8323132460675e-08
-10.94726562,9.7242286422331e-08
-10.92773438,1.0702945745157e-07
-10.90820312,1.1776573582847e-07
-10.88867188,1.2953944735168e-07
-10.86914062,1.4244676595552e-07
-10.84960938,1.5659237509497e-07
-10.83007812,1.7209018153148e-07
-10.81054688,1.8906408533935e-07
-10.79101562,2.0764881025306e-07
-10.77148438,2.2799079873964e-07
-10.75195312,2.5024917642996e-07
-10.73242188,2.745967909212e-07
-10.71289062,3.0122133019375e-07
-10.69335938,3.3032652631088e-07
-10.67382812,3.621334503491e-07
-10.65429688,3.9688190496318e-07
-10.63476562,4.3483192130113e-07
-10.61523438,4.7626536748774e-07
-10.59570312,5.2148767625994e-07
-10.57617188,5.7082969987499e-07
-10.55664062,6.2464970082074e-07
-10.53710938,6.8333548743196e-07
-10.51757812,7.4730670402586e-07
-10.49804688,8.1701728573287e-07
-10.47851562,8.9295808879608e-07
-10.45898438,9.7565970771212e-07
-10.43945312,1.0656954912748e-06
-10.41992188,1.1636847702077e-06
-10.40039062,1.2702963098067e-06
-10.38085938,1.3862520017596e-06
-10.36132812,1.5123308100397e-06
-10.34179688,1.6493729866448e-06
-10.32226562,1.7982845736906e-06
-10.30273438,1.9600422093246e-06
-10.28320312,2.1356982557781e-06
-10.26367188,2.3263862688813e-06
-10.24414062,2.5333268291781e-06
-10.22460938,2.7578337560694e-06
-10.20507812,3.0013207271133e-06
-10.18554688,3.2653083260407e-06
-10.16601562,3.551431543894e-06
-10.14648438,3.861447758999e-06
-10.12695312,4.1972452226444e-06
-10.10742188,4.560852078592e-06
-10.08789062,4.9544459457125e-06
-10.06835938,5.380364094503e-06
-10.04882812,5.8411142494881e-06
-10.02929688,6.3393860508075e-06
-10.00976562,6.8780632099337e-06
-9.990234375,7.4602363955917e-06
-9.970703125,8.0892168877028e-06
-9.951171875,8.7685510385999e-06
-9.931640625,9.5020355819967e-06
-9.912109375,1.0293733832378e-05
-9.892578125,1.1147992818369e-05
-9.873046875,1.2069461395686e-05
-9.853515625,1.3063109386762e-05
-9.833984375,1.4134247795737e-05
-9.814453125,1.5288550149124e-05
-9.794921875,1.6532075014322e-05
-9.775390625,1.7871289749387e-05
-9.755859375,1.9313095539754e-05
-9.736328125,2.0864853778439e-05
-9.716796875,2.2534413848747e-05
-9.697265625,2.4330142369469e-05
-9.677734375,2.6260953964495e-05
-9.658203125,2.8336343620245e-05
-9.638671875,3.0566420695925e-05
-9.619140625,3.2961944652911e-05
-9.599609375,3.5534362571387e-05
-9.580078125,3.8295848523196e-05
-9.560546875,4.1259344871948e-05
-9.541015625,4.4438605571725e-05
-9.521484375,4.7848241537939e-05
-9.501953125,5.1503768163895e-05
-9.482421875,5.5421655058605e-05
-9.462890625,5.9619378081246e-05
-9.443359375,6.4115473749514e-05
-9.423828125,6.8929596098176e-05
-9.404296875,7.408257606648e-05
-9.384765625,7.9596483491343e-05
-9.365234375,8.5494691785063e-05
-9.345703125,9.1801945374822e-05
-9.326171875,9.8544429982082e-05
-9.306640625,0.00010574984581833
-9.287109375,0.00011344748377403
-9.267578125,0.00012166830467565
-9.248046875,0.00013044502168482
-9.228515625,0.00013981218591224
-9.208984375,0.00014980627531666
-9.189453125,0.00016046578695759
-9.169921875,0.00017183133266758
-9.150390625,0.00018394573820691
-9.130859375,0.00019685414596113
-9.111328125,0.0002106041212373
-9.091796875,0.00022524576221126
-9.072265625,0.00024083181357422
-9.052734375,0.00025741778392166
-9.033203125,0.00027506206692205
-9.013671875,0.00029382606629797
-8.994140625,0.00031377432464585
-8.974609375,0.00033497465611246
-8.955078125,0.00035749828294137
-8.935546875,0.00038141997589326
-8.916015625,0.00040681819853613
-8.896484375,0.00043377525539258
-8.876953125,0.0004623774439224
-8.857421875,0.00049271521030813
-8.837890625,0.00052488330900133
-8.818359375,0.00055898096597569
-8.798828125,0.00059511204562156
-8.779296875,0.00063338522120484
-8.759765625,0.00067391414879883
-8.740234375,0.0007168176445855
-8.720703125,0.00076221986540807
-8.701171875,0.00081025049244138
-8.681640625,0.00086104491783232
-8.662109375,0.0009147444341457
-8.642578125,0.00097149642643486
-8.623046875,0.0010314545667392
-8.603515625,0.0010947790107924
-8.583984375,0.0011616365967083
-8.564453125,0.0012322010453906
-8.544921875,0.001306653162395
-8.525390625,0.0013851810409516
-8.505859375,0.001467980265835
-8.486328125,0.0015552541177492
-8.466796875,0.0016472137778726
-8.447265625,0.0017440785321887
-8.427734375,0.0018460759752017
-8.408203125,0.0019534422126198
-8.388671875,0.0020664220625632
-8.369140625,0.002185269254829
-8.349609375,0.0023102466277286
-8.330078125,0.0024416263219839
-8.310546875,0.0025796899711484
-8.291015625,0.0027247288879978
-8.271484375,0.0028770442463081
-8.251953125,0.0030369472574191
-8.232421875,0.0032047593409589
-8.212890625,0.0033808122890801
-8.193359375,0.0035654484235401
-8.173828125,0.0037590207449331
-8.154296875,0.003961893073363
-8.134765625,0.0041744401798261
-8.115234375,0.0043970479075505
-8.095703125,0.0046301132825233
-8.076171875,0.0048740446124184
-8.056640625,0.0051292615731196
-8.037109375,0.0053961952820201
-8.017578125,0.0056752883572621
-7.998046875,0.005966994962073
-7.978515625,0.0062717808333339
-7.958984375,0.0065901232935178
-7.939453125,0.006922511245115
-7.919921875,0.0072694451466652
-7.900390625,0.0076314369695049
-7.880859375,0.0080090101343435
-7.861328125,0.0084026994267704
-7.841796875,0.0088130508908055
-7.822265625,0.0092406216996092
-7.802734375,0.009685980002466
-7.783203125,0.010149704747175
-7.763671875,0.010632385476984
-7.744140625,0.011134622101225
-7.724609375,0.011657024638815
-7.705078125,0.012200212933823
-7.685546875,0.012764816342305
-7.666015625,0.013351473389656
-7.646484375,0.013960831397738
-7.626953125,0.014593546081093
-7.607421875,0.015250281111568
-7.587890625,0.015931707650735
-7.568359375,0.016638503849503
-7.548828125,0.017371354314415
-7.529296875,0.018130949540098
-7.509765625,0.018917985307468
-7.490234375,0.019733162047281
-7.470703125,0.020577184168702
-7.451171875,0.021450759352662
-7.431640625,0.022354597809766
-7.412109375,0.023289411502648
-7.392578125,0.024255913332714
-7.373046875,0.025254816291287
-7.353515625,0.026286832575258
-7.333984375,0.027352672667409
-7.314453125,0.028453044381698
-7.294921875,0.029588651873821
-7.275390625,0.030760194617528
-7.255859375,0.031968366347196
-7.236328125,0.03321385396731
-7.216796875,0.034497336429556
-7.197265625,0.03581948357837
-7.177734375,0.037180954965856
-7.158203125,0.038582398637101
-7.138671875,0.040024449887021
-7.119140625,0.041507729989978
-7.099609375,0.043032844903502
-7.080078125,0.044600383947576
-7.060546875,0.046210918461035
-7.041015625,0.047865000436742
-7.021484375,0.049563161137317
-7.001953125,0.051305909693291
-6.982421875,0.053093731685675
-6.962890625,0.054927087715009
-6.943359375,0.056806411959126
-6.923828125,0.058732110721863
-6.904296875,0.060704560975167
-6.884765625,0.062724108897044
-6.865234375,0.064791068407947
-6.845703125,0.066905719708279
-6.826171875,0.069068307819752
-6.806640625,0.071279041133462
-6.787109375,0.073538089967592
-6.767578125,0.07584558513773
-6.748046875,0.078201616542877
-6.728515625,0.080606231770262
-6.708984375,0.083059434722148
-6.689453125,0.085561184267875
-6.669921875,0.088111392924405
-6.650390625,0.090709925568698
-6.630859375,0.093356598185271
-6.611328125,0.096051176652309
-6.591796875,0.098793375569723
-6.572265625,0.10158285713256
-6.552734375,0.10441923005313
-6.533203125,0.10730204853535
-6.513671875,0.11023081130447
-6.494140625,0.11320496069584
-6.474609375,0.11622388180566
-6.455078125,0.11928690170737
-6.435546875,0.12239328873658
-6.416015625,0.12554225184792
-6.396484375,0.1287329400467
-6.376953125,0.13196444189865
-6.357421875,0.13523578512029
-6.337890625,0.13854593625318
-6.318359375,0.14189380042428
-6.298828125,0.14527822119544
-6.279296875,0.14869798050419
-6.259765625,0.15215179869821
-6.240234375,0.15563833466578
-6.220703125,0.159156186064
-6.201171875,0.16270388964688
-6.181640625,0.16627992169473
-6.162109375,0.16988269854656
-6.142578125,0.17351057723669
-6.123046875,0.17716185623665
-6.103515625,0.18083477630341
-6.083984375,0.18452752143447
-6.064453125,0.18823821993048
-6.044921875,0.19196494556546
-6.025390625,0.19570571886482
-6.005859375,0.19945850849088
-5.986328125,0.20322123273551
-5.966796875,0.20699176111916
-5.947265625,0.21076791609546
-5.927734375,0.21454747486011
-5.908203125,0.21832817126282
-5.888671875,0.22210769782038
-5.869140625,0.22588370782932
-5.849609375,0.22965381757567
-5.830078125,0.23341560863961
-5.810546875,0.23716663029235
-5.791015625,0.24090440198229
-5.771484375,0.24462641590741
-5.751953125,0.24833013967048
-5.732421875,0.25201301901349
-5.712890625,0.25567248062753
-5.693359375,0.25930593503406
-5.673828125,0.26291077953322
-5.654296875,0.26648440121494
-5.634765625,0.27002418002795
-5.615234375,0.27352749190198
-5.595703125,0.27699171191807
-5.576171875,0.28041421752184
-5.556640625,0.28379239177424
-5.537109375,0.28712362663441
-5.517578125,0.29040532626893
-5.498046875,0.29363491038165
-5.478515625,0.29680981755828
-5.458984375,0.29992750861971
-5.439453125,0.30298546997799
-5.419921875,0.30598121698886
-5.400390625,0.30891229729454
-5.380859375,0.31177629415064
-5.361328125,0.3145708297308
-5.341796875,0.3172935684029
-5.322265625,0.3199422199704
-5.302734375,0.32251454287265
-5.283203125,0.32500834733793
-5.263671875,0.32742149848294
-5.244140625,0.32975191935269
-5.224609375,0.33199759389477
-5.205078125,0.3341565698619
-5.185546875,0.33622696163715
-5.166015625,0.33820695297586
-5.146484375,0.34009479965892
-5.126953125,0.34188883205176
-5.107421875,0.34358745756404
-5.087890625,0.34518916300472
-5.068359375,0.34669251682788
-5.048828125,0.3480961712644
-5.029296875,0.34939886433524
-5.009765625,0.35059942174199
-4.990234375,0.3516967586308
-4.970703125,0.35268988122596
-4.951171875,0.35357788832961
-4.931640625,0.35435997268458
-4.912109375,0.35503542219728
-4.892578125,0.35560362101824
-4.873046875,0.35606405047781
-4.853515625,0.35641628987521
-4.833984375,0.3566600171191
-4.814453125,0.35679500921844
-4.794921875,0.35682114262245
-4.775390625,0.35673839340907
-4.755859375,0.35654683732145
-4.736328125,0.35624664965244
-4.716796875,0.35583810497721
-4.697265625,0.35532157673478
-4.677734375,0.35469753665908
-4.658203125,0.35396655406108
-4.638671875,0.35312929496317
-4.619140625,0.3521865210879
-4.599609375,0.35113908870314
-4.580078125,0.34998794732603
-4.560546875,0.34873413828864
-4.541015625,0.34737879316817
-4.521484375,0.3459231320852
-4.501953125,0.34436846187341
-4.482421875,0.3427161741247
-4.462890625,0.34096774311382
-4.443359375,0.33912472360673
-4.423828125,0.33718874855743
-4.404296875,0.33516152669781
-4.384765625,0.33304484002573
-4.365234375,0.33084054119629
-4.345703125,0.32855055082178
-4.326171875,0.32617685468578
-4.306640625,0.32372150087694
-4.287109375,0.32118659684845
-4.267578125,0.31857430640889
-4.248046875,0.31588684665055
-4.228515625,0.31312648482139
-4.208984375,0.31029553514659
-4.189453125,0.30739635560614
-4.169921875,0.30443134467459
-4.150390625,0.30140293802927
-4.130859375,0.29831360523327
-4.111328125,0.29516584639952
-4.091796875,0.29196218884212
-4.072265625,0.28870518372128
-4.052734375,0.28539740268793
-4.033203125,0.28204143453422
-4.013671875,0.27863988185583
-3.994140625,0.27519535773214
-3.974609375,0.27171048242997
-3.955078125,0.26818788013674
-3.935546875,0.26463017572851
-3.916015625,0.2610399915784
-3.896484375,0.25741994441067
-3.876953125,0.25377264220553
-3.857421875,0.25010068115968
-3.837890625,0.24640664270728
-3.818359375,0.24269309060592
-3.798828125,0.23896256809202
-3.779296875,0.23521759510962
-3.759765625,0.23146066561675
-3.740234375,0.2276942449728
-3.720703125,0.22392076741059
-3.701171875,0.22014263359627
-3.681640625,0.21636220828004
-3.662109375,0.21258181804051
-3.642578125,0.20880374912518
-3.623046875,0.20503024538932
-3.603515625,0.20126350633523
-3.583984375,0.1975056852537
-3.564453125,0.19375888746925
-3.544921875,0.19002516869021
-3.525390625,0.18630653346499
-3.505859375,0.182604933745
-3.486328125,0.17892226755506
-3.466796875,0.1752603777714
-3.447265625,0.1716210510074
-3.427734375,0.16800601660694
-3.408203125,0.16441694574495
-3.388671875,0.16085545063459
-3.369140625,0.15732308384019
-3.349609375,0.15382133769501
-3.330078125,0.15035164382259
-3.310546875,0.14691537276021
-3.291015625,0.14351383368294
-3.271484375,0.14014827422654
-3.251953125,0.13681988040717
-3.232421875,0.1335297766359
-3.212890625,0.1302790258257
-3.193359375,0.12706862958862
-3.173828125,0.12389952852053
-3.154296875,0.12077260257083
-3.134765625,0.11768867149436
-3.115234375,0.11464849538268
-3.095703125,0.11165277527161
-3.076171875,0.10870215382223
-3.056640625,0.10579721607196
-3.037109375,0.10293849025272
-3.017578125,0.10012644867282
-2.998046875,0.097361508659311
-2.978515625,0.094644033557479
-2.958984375,0.09197433378407
-2.939453125,0.089352667930925
-2.919921875,0.086779243915576
-2.900390625,0.084254220175425
-2.880859375,0.081777706902104
-2.861328125,0.079349767312626
-2.841796875,0.076970418953986
-2.822265625,0.074639635037837
-2.802734375,0.072357345801989
-2.783203125,0.070123439895433
-2.763671875,0.067937765783697
-2.744140625,0.065800133171391
-2.724609375,0.063710314438818
-2.705078125,0.061668046089653
-2.685546875,0.059673030206721
-2.666015625,0.057724935912982
-2.646484375,0.055823400834961
-2.626953125,0.053968032565862
-2.607421875,0.052158410125788
-2.587890625,0.050394085416493
-2.568359375,0.048674584668261
-2.548828125,0.046999409876553
-2.529296875,0.045368040226194
-2.509765625,0.043779933500954
-2.490234375,0.042234527476493
-2.470703125,0.040731241294753
-2.451171875,0.039269476817956
-2.431640625,0.037848619960505
-2.412109375,0.03646804199718
-2.392578125,0.035127100846125
-2.373046875,0.033825142325235
-2.353515625,0.032561501380647
-2.333984375,0.031335503286173
-2.314453125,0.030146464812573
-2.294921875,0.02899369536571
-2.275390625,0.027876498092717
-2.255859375,0.026794170955384
-2.236328125,0.025746007770119
-2.216796875,0.024731299213883
-2.197265625,0.023749333795617
-2.177734375,0.02279939879278
-2.158203125,0.021880781152679
-2.138671875,0.020992768358383
-2.119140625,0.020134649259071
-2.099609375,0.019305714864768
-2.080078125,0.018505259105492
-2.060546875,0.017732579554893
-2.041015625,0.016986978118556
-2.021484375,0.016267761687203
-2.001953125,0.015574242755079
-1.982421875,0.014905740003892
-1.962890625,0.014261578852696
-1.943359375,0.013641091974217
-1.923828125,0.013043619778098
-1.904296875,0.012468510861668
-1.884765625,0.011915122428803
-1.865234375,0.011382820677556
-1.845703125,0.010870981157223
-1.826171875,0.010378989095565
-1.806640625,0.0099062396969341
-1.787109375,0.0094521384120859
-1.767578125,0.0090161011804634
-1.748046875,0.0085975546457818
-1.728515625,0.0081959363457505
-1.708984375,0.0078106948767874
-1.689453125,0.0074412900345861
-1.669921875,0.0070871929314207
-1.650390625,0.006747886091065
-1.630859375,0.006422863522219
-1.611328125,0.0061116307713328
-1.591796875,0.0058137049557201
-1.572265625,0.0055286147778489
-1.552734375,0.0052559005217026
-1.533203125,0.0049951140320826
-1.513671875,0.0047458186777334
-1.494140625,0.0045075892991509
-1.474609375,0.0042800121419254
-1.455078125,0.0040626847764632
-1.435546875,0.0038552160049118
-1.416015625,0.0036572257561008
-1.396484375,0.0034683449692949
-1.376953125,0.0032882154675372
-1.357421875,0.0031164898213439
-1.337890625,0.0029528312034888
-1.318359375,0.0027969132356041
-1.298828125,0.0026484198272936
-1.279296875,0.0025070450084407
-1.259765625,0.002372492755368
-1.240234375,0.0022444768114857
-1.220703125,0.0021227205030409
-1.201171875,0.0020069565505611
-1.181640625,0.0018969268765569
-1.162109375,0.001792382410032
-1.142578125,0.0016930828883208
-1.123046875,0.0015987966567542
-1.103515625,0.0015093004666268
-1.083984375,0.0014243792719243
-1.064453125,0.0013438260252362
-1.044921875,0.0012674414732659
-1.025390625,0.001195033952323
-1.005859375,0.0011264191841637
-0.986328125,0.0010614200725211
-0.966796875,0.00099986650064854
-0.947265625,0.00094159513017724
-0.927734375,0.00088644920157083
-0.908203125,0.00083427833643708
-0.888671875,0.00078493834194134
-0.869140625,0.00073829101754522
-0.849609375,0.00069420396427737
-0.830078125,0.00065255039672451
-0.810546875,0.00061320895791657
-0.791015625,0.00057606353725925
-0.771484375,0.00054100309165722
-0.751953125,0.00050792146995044
-0.732421875,0.00047671724077663
-0.712890625,0.00044729352395482
-0.693359375,0.00041955782547597
-0.673828125,0.0003934218761695
-0.654296875,0.00036880147410687
-0.634765625,0.00034561633078891
-0.615234375,0.00032378992115407
-0.595703125,0.00030324933743463
-0.576171875,0.00028392514687805
-0.556640625,0.00026575125334072
-0.537109375,0.00024866476275538
-0.517578125,0.00023260585246146
-0.498046875,0.00021751764438497
-0.478515625,0.00020334608204289
-0.458984375,0.00019003981134463
-0.439453125,0.0001775500651542
-0.419921875,0.00016583055157289
-0.400390625,0.00015483734589683
-0.380859375,0.00014452878619889
-0.361328125,0.00013486537248067
-0.341796875,0.0001258096693365
-0.322265625,0.00011732621206721
-0.302734375,0.00010938141617991
-0.283203125,0.00010194349020598
-0.263671875,9.4982351767655e-05
-0.244140625,8.8469546821985e-05
-0.224609375,8.2378172008645e-05
-0.205078125,7.6682800026829e-05
-0.185546875,7.1359407965612e-05
-0.166015625,6.638530851099e-05
-0.146484375,6.1739083952194e-05
-0.126953125,5.7400522909731e-05
-0.107421875,5.3350559706881e-05
-0.087890625,4.9571216307059e-05
-0.068359375,4.6045546738979e-05
-0.048828125,4.2757583932318e-05
-0.029296875,3.9692288887145e-05
-0.009765625,3.6835502100447e-05
0.009765625,3.417389717473e-05
0.029296875,3.1694936533755e-05
0.048828125,2.9386829172282e-05
0.068359375,2.7238490366893e-05
0.087890625,2.5239503277133e-05
0.107421875,2.33800823668e-05
0.126953125,2.1651038576876e-05
0.146484375,2.0043746182934e-05
0.166015625,1.855011127137e-05
0.185546875,1.716254177028e-05
0.205078125,1.5873918972371e-05
0.224609375,1.4677570488971e-05
0.244140625,1.3567244575617e-05
0.263671875,1.2537085771544e-05
0.283203125,1.158161179702e-05
0.302734375,1.0695691653791e-05
0.322265625,9.8745248762509e-06
0.341796875,9.1136218817502e-06
0.361328125,8.4087853708681e-06
0.380859375,7.7560927295439e-06
0.400390625,7.1518793870314e-06
0.419921875,6.5927230848468e-06
0.439453125,6.0754290137902e-06
0.458984375,5.5970157775778e-06
0.478515625,5.154702143009e-06
0.498046875,4.7458945383773e-06
0.517578125,4.3681752631472e-06
0.537109375,4.0192913733833e-06
0.556640625,3.6971442089108e-06
0.576171875,3.3997795295065e-06
0.595703125,3.125378228874e-06
0.615234375,2.8722475962621e-06
0.634765625,2.6388130972435e-06
0.654296875,2.4236106459595e-06
0.673828125,2.2252793428035e-06
0.693359375,2.042554652263e-06
0.712890625,1.8742619972116e-06
0.732421875,1.7193107466165e-06
0.751953125,1.5766885750724e-06
0.771484375,1.4454561733105e-06
0.791015625,1.3247422900114e-06
0.810546875,1.2137390860805e-06
0.830078125,1.1116977836275e-06
0.849609375,1.0179245925139e-06
0.869140625,9.3177689852468e-07
0.888671875,8.5265969771e-07
0.908203125,7.8002226248826e-07
0.927734375,7.1335502565203e-07
0.947265625,6.5218666930744e-07
0.966796875,5.9608140633479e-07
0.986328125,5.4463644274102e-07
1.005859375,4.9747960974479e-07
1.025390625,4.5426715525637e-07
1.044921875,4.146816847456e-07
1.064453125,3.78430242271e-07
1.083984375,3.4524252278655e-07
1.103515625,3.148692074429e-07
1.123046875,2.8708041403244e-07
1.142578125,2.6166425522223e-07
1.162109375,2.3842549756297e-07
1.181640625,2.1718431477877e-07
1.201171875,1.9777512912685e-07
1.220703125,1.8004553507549e-07
1.240234375,1.6385529980155e-07
1.259765625,1.4907543543366e-07
1.279296875,1.3558733819596e-07
1.298828125,1.2328198997823e-07
1.318359375,1.1205921804369e-07
1.337890625,1.0182700897069e-07
1.357421875,9.2500873053264e-08
1.376953125,8.4003255710898e-08
1.396484375,7.6262992621381e-08
1.416015625,6.9214805534459e-08
1.435546875,6.2798835907308e-08
1.455078125,5.6960213697653e-08
1.474609375,5.1648658798482e-08
1.494140625,4.6818112810603e-08
1.513671875,4.2426398950209e-08
1.533203125,3.84349080824e-08
1.552734375,3.4808308966486e-08
1.572265625,3.1514280964916e-08
1.591796875,2.8523267548631e-08
1.611328125,2.5808249089646e-08
1.630859375,2.3344533489284e-08
1.650390625,2.1109563331967e-08
1.669921875,1.9082738315218e-08
1.689453125,1.724525181648e-08
1.708984375,1.5579940521365e-08
1.728515625,1.4071146123797e-08
1.748046875,1.2704588178802e-08
1.767578125,1.146724724859e-08
1.787109375,1.0347257551024e-08
1.806640625,9.333808373533e-09
1.826171875,8.4170535733344e-09
1.845703125,7.5880285254111e-09
1.865234375,6.8385739422467e-09
1.884765625,6.1612660143275e-09
1.904296875,5.549352376161e-09
1.923828125,4.9966934335966e-09
1.943359375,4.497708619349e-09
1.962890625,4.0473271848716e-09
1.982421875,3.6409431628133e-09
2.001953125,3.2743741574557e-09
2.021484375,2.943823656934e-09
2.041015625,2.6458465747298e-09
2.060546875,2.3773177583404e-09
2.080078125,2.1354032186775e-09
2.099609375,1.9175338548104e-09
2.119140625,1.7213814676698e-09
2.138671875,1.5448368695751e-09
2.158203125,1.3859899152444e-09
2.177734375,1.2431112918791e-09
2.197265625,1.1146359189431e-09
2.216796875,9.9914782142259e-10
2.236328125,8.9536635068395e-10
2.255859375,8.0213363767599e-10
2.275390625,7.1840317089875e-10
2.294921875,6.4322940474182e-10
2.314453125,5.7575830631149e-10
2.333984375,5.1521875959426e-10
2.353515625,4.6091475285762e-10
2.373046875,4.122182793759e-10
2.392578125,3.6856288894408e-10
2.412109375,3.2943783300744e-10
2.431640625,2.9438274919633e-10
2.451171875,2.629828393122e-10
2.470703125,2.3486449416214e-10
2.490234375,2.0969132679162e-10
2.509765625,1.8716057609104e-10
2.529296875,1.669998478934e-10
2.548828125,1.489641624684e-10
2.568359375,1.3283328033332e-10
2.587890625,1.1840928108747e-10
2.607421875,1.0551437183607e-10
2.626953125,9.398890389331e-11
2.646484375,8.36895787427e-11
2.666015625,7.4487825277862e-11
2.685546875,6.6268332591018e-11
2.705078125,5.8927723722654e-11
2.724609375,5.2373357178609e-11
2.744140625,4.6522243878263e-11
2.763671875,4.1300069410539e-11
2.783203125,3.6640310640415e-11
2.802734375,3.2483438852689e-11
2.822265625,2.8776200374022e-11
2.841796875,2.5470967853945e-11
2.861328125,2.2525155431617e-11
2.880859375,1.9900691709452e-11
2.900390625,1.756354509582e-11
2.919921875,1.5483296709887e-11
2.939453125,1.3632756226455e-11
2.958984375,1.1987616728451e-11
2.978515625,1.0526144992925e-11
2.998046875,9.228903661851e-12
3.017578125,8.0785026112326e-12
3.037109375,7.0593765185997e-12
3.056640625,6.1575863192435e-12
3.076171875,5.3606422042666e-12
3.095703125,4.6573461277986e-12
3.115234375,4.0376518589514e-12
3.134765625,3.4925409205152e-12
3.154296875,3.0139126951475e-12
3.173828125,2.5944873085356e-12
3.193359375,2.2277198496993e-12
3.212890625,1.9077246821537e-12
3.232421875,1.6292086691289e-12
3.251953125,1.3874122686259e-12
3.271484375,1.1780574651231e-12
3.291015625,9.9730168384812e-13
3.310546875,8.4169687376059e-13
3.330078125,7.0815302413264e-13
3.349609375,5.939054957761e-13
3.369140625,4.9648560431771e-13
3.388671875,4.1369397570701e-13
3.408203125,3.4357625785535e-13
3.427734375,2.844008803048e-13
3.447265625,2.3463856808825e-13
3.466796875,1.9294338291716e-13
3.486328125,1.5813514456496e-13
3.505859375,1.2918308931295e-13
3.525390625,1.0519067296782e-13
3.544921875,8.5381443755425e-14
3.564453125,6.9085950114317e-14
3.583984375,5.5729624401916e-14
3.603515625,4.4821631657214e-14
3.623046875,3.5944647108286e-14
3.642578125,2.8745533855308e-14
3.662109375,2.292690172958e-14
3.681640625,1.8239501512533e-14
3.701171875,1.4475424443812e-14
3.720703125,1.146206220186e-14
3.740234375,9.0567775054591e-15
3.759765625,7.1422379805124e-15
3.779296875,5.6223561568037e-15
3.798828125,4.4187845821279e-15
3.818359375,3.467909630966e-15
3.837890625,2.7182908727148e-15
3.857421875,2.1284936786571e-15
3.876953125,1.6652684143614e-15
3.896484375,1.3020277308289e-15
3.916015625,1.017584111825e-15
3.935546875,7.9510670733665e-16
3.955078125,6.2126476422163e-16
3.974609375,4.8552949792712e-16
3.994140625,3.7960573780979e-16
4.013671875,2.9697389725843e-16
4.033203125,2.3252011616219e-16
4.052734375,1.8224113518936e-16
4.072265625,1.4300804978206e-16
4.091796875,1.1237883246283e-16
4.111328125,8.8449840720235e-17
4.130859375,6.9738620668601e-17
4.150390625,5.509146456518e-17
4.169921875,4.361107912778e-17
4.189453125,3.4599735606936e-17
4.208984375,2.7514968832116e-17
4.228515625,2.1934984746773e-17
4.248046875,1.7531678613007e-17
4.267578125,1.4049713652267e-17
4.287109375,1.1290264756186e-17
4.306640625,9.0983222914354e-18
4.326171875,7.3529412457916e-18
4.345703125,5.9596304469953e-18
4.365234375,4.8444724352038e-18
4.384765625,3.9495368488898e-18
4.404296875,3.2293644966947e-18
4.423828125,2.6482083053364e-18
4.443359375,2.1779015523356e-18
4.462890625,1.7962176714956e-18
4.482421875,1.485561151094e-18
4.501953125,1.2319934943278e-18
4.521484375,1.0244259828469e-18
4.541015625,8.5403248548394e-19
4.560546875,7.1376198484632e-19
4.580078125,5.9796596093216e-19
4.599609375,5.0211242598339e-19
4.619140625,4.2255611867031e-19
4.638671875,3.5635503213257e-19
4.658203125,3.0112383823663e-19
4.677734375,2.5493537930434e-19
4.697265625,2.1621457589139e-19
4.716796875,1.8368114723497e-19
4.736328125,1.5628650468415e-19
4.755859375,1.3316990943544e-19
4.775390625,1.1362631083156e-19
4.794921875,9.707080554552e-20
4.814453125,8.3022210862632e-20
4.833984375,7.1080723279802e-20
4.853515625,6.0914611945533e-20
4.873046875,5.2247458633239e-20
4.892578125,4.4847839707137e-20
4.912109375,3.8522971993591e-20
4.931640625,3.3110091889978e-20
4.951171875,2.8473433052937e-20
4.970703125,2.4497710602278e-20
4.990234375,2.1085631166879e-20
5.009765625,1.8154900539794e-20
5.029296875,1.5636618973032e-20
5.048828125,1.3470747523535e-20
5.068359375,1.160731275836e-20
5.087890625,1.0002985280013e-20
5.107421875,8.6217012753692e-21
5.126953125,7.4317785253969e-21
5.146484375,6.4064687617286e-21
5.166015625,5.5227587492694e-21
5.185546875,4.7612296478973e-21
5.205078125,4.1044883882281e-21
5.224609375,3.5384523384752e-21
5.244140625,3.0502545569146e-21
5.263671875,2.6293426404971e-21
5.283203125,2.266469648731e-21
5.302734375,1.9536418987547e-21
5.322265625,1.6838545410141e-21
5.341796875,1.451315859685e-21
5.361328125,1.2507841892256e-21
5.380859375,1.0779912834398e-21
5.400390625,9.2899890793031e-22
5.419921875,8.0053555359438e-22
5.439453125,6.9002471181735e-22
5.458984375,5.9464605258084e-22
5.478515625,5.1248547345844e-22
5.498046875,4.4175835914879e-22
5.517578125,3.807270514817e-22
5.537109375,3.2822064110563e-22
5.556640625,2.8292640102026e-22
5.576171875,2.4392361158791e-22
5.595703125,2.1036316540729e-22
5.615234375,1.8139296484595e-22
5.634765625,1.5645094018427e-22
5.654296875,1.3496568448821e-22
5.673828125,1.1645087030439e-22
5.693359375,1.0049552120765e-22
5.712890625,8.6723619582551e-23
5.732421875,7.4872049708691e-23
5.751953125,6.4630826608967e-23
5.771484375,5.5811594414071e-23
5.791015625,4.8202484622793e-23
5.810546875,4.1626308294368e-23
5.830078125,3.5950890877544e-23
5.849609375,3.1057260706152e-23
5.869140625,2.6827408964933e-23
5.888671875,2.3159340659537e-23
5.908203125,2.0001291694357e-23
5.927734375,1.7267892664038e-23
5.947265625,1.4905365561637e-23
5.966796875,1.2858324199098e-23
5.986328125,1.1087469771951e-23
6.005859375,9.5561284989783e-24
6.025390625,8.2289608574223e-24
6.044921875,7.0810161550306e-24
6.064453125,6.0894560704917e-24
6.083984375,5.2271283336559e-24
6.103515625,4.4836959465699e-24
6.123046875,3.8399844978483e-24
6.142578125,3.2860516620798e-24
6.162109375,2.8061754581789e-24
6.181640625,2.3985642663186e-24
6.201171875,2.0448888627289e-24
6.220703125,1.7412793637056e-24
6.240234375,1.4838030711468e-24
6.259765625,1.2649094123354e-24
6.279296875,1.0804348319913e-24
6.298828125,9.2834339586666e-25
6.318359375,7.9993692621266e-25
6.337890625,6.9733868452616e-25
6.357421875,6.1285931432625e-25
6.376953125,5.5055350847306e-25
6.396484375,5.0409399184248e-25
6.416015625,4.722174600764e-25
6.435546875,4.5257049828293e-25
6.455078125,4.4737879936154e-25
6.474609375,4.5259766015442e-25
6.494140625,4.6796452676931e-25
6.513671875,4.9272468925186e-25
6.533203125,5.2571320928533e-25
6.552734375,5.6754464727515e-25
6.572265625,6.1563031192462e-25
6.591796875,6.7219230578452e-25
6.611328125,7.3418510801055e-25
6.630859375,8.0261391270202e-25
6.650390625,8.7688224887915e-25
6.669921875,9.5599961841361e-25
6.689453125,1.0416140943298e-24
6.708984375,1.1326869839447e-24
6.728515625,1.2304596505208e-24
6.748046875,1.330937651339e-24
6.767578125,1.4343274611623e-24
6.787109375,1.5457590656257e-24
6.806640625,1.6601443827226e-24
6.826171875,1.7772009874506e-24
6.845703125,1.9013619231482e-24
6.865234375,2.032130234745e-24
6.884765625,2.1611385247297e-24
6.904296875,2.29786281705e-24
6.923828125,2.4365209863636e-24
6.943359375,2.5801180306128e-24
6.962890625,2.7252157553339e-24
6.982421875,2.877979181157e-24
7.001953125,3.0317364833686e-24
7.021484375,3.1892899430971e-24
7.041015625,3.3460562128573e-24
7.060546875,3.5107506711671e-24
7.080078125,3.6741674181998e-24
7.099609375,3.8447602432795e-24
7.119140625,4.0127816040124e-24
7.138671875,4.189052196524e-24
7.158203125,4.3620197079104e-24
7.177734375,4.5395509688079e-24
7.197265625,4.7186343654884e-24
7.216796875,4.893727189487e-24
7.236328125,5.0755608341097e-24
7.255859375,5.2593370477966e-24
7.275390625,5.4392075924602e-24
7.294921875,5.622583482397e-24
7.314453125,5.8088462211906e-24
7.333984375,5.9859606142147e-24
7.353515625,6.1728423045701e-24
7.373046875,6.3530810345695e-24
7.392578125,6.5343531525057e-24
7.412109375,6.7137655298467e-24
7.431640625,6.8962429069116e-24
7.451171875,7.073049087986e-24
7.470703125,7.2581926972603e-24
7.490234375,7.4252627008896e-24
7.509765625,7.6031796042696e-24
7.529296875,7.7647697934268e-24
7.548828125,7.9369792455794e-24
7.568359375,8.1053110585607e-24
7.587890625,8.2721166062569e-24
7.607421875,8.4253311768662e-24
7.626953125,8.5849894194049e-24
7.646484375,8.7321030967952e-24
7.666015625,8.8827948580101e-24
7.685546875,9.0250703879418e-24
7.705078125,9.167369614615e-24
7.724609375,9.3004613276603e-24
7.744140625,9.4362833855687e-24
7.763671875,9.558858346457e-24
7.783203125,9.6860066017984e-24
7.802734375,9.8014138854868e-24
7.822265625,9.9071552639122e-24
7.841796875,1.0022506357583e-23
7.861328125,1.0119282676875e-23
7.880859375,1.0213600650762e-23
7.900390625,1.0311675081582e-23
7.919921875,1.0391206467206e-23
7.939453125,1.0473558485589e-23
7.958984375,1.0550173780069e-23
7.978515625,1.0612560166422e-23
7.998046875,1.0680693341263e-23
8.017578125,1.0735279681176e-23
8.037109375,1.0782011129004e-23
8.056640625,1.083096267287e-23
8.076171875,1.0867190949813e-23
8.095703125,1.0900177712195e-23
8.115234375,1.0930553788161e-23
8.134765625,1.0955283286384e-23
8.154296875,1.0973883232204e-23
8.173828125,1.0979311781725e-23
8.193359375,1.098569745691e-23
8.212890625,1.0990226229719e-23
8.232421875,1.0986472940845e-23
8.251953125,1.0969545290233e-23
8.271484375,1.0958863097961e-23
8.291015625,1.0935222981951e-23
8.310546875,1.0911517915627e-23
8.330078125,1.0880711230804e-23
8.349609375,1.0852102674088e-23
8.369140625,1.0805058918311e-23
8.388671875,1.0762123981806e-23
8.408203125,1.0705961190425e-23
8.427734375,1.0657827108494e-23
8.447265625,1.0601223082125e-23
8.466796875,1.0532750083641e-23
8.486328125,1.0473411438748e-23
8.505859375,1.0402985387418e-23
8.525390625,1.03279545088e-23
8.544921875,1.0254038353238e-23
8.564453125,1.0174593938007e-23
8.583984375,1.0086918831841e-23
8.603515625,1.0005113153517e-23
8.623046875,9.9112575119777e-24
8.642578125,9.82044150864e-24
8.662109375,9.7291528056605e-24
8.681640625,9.6210736953379e-24
8.701171875,9.5273955985994e-24
8.720703125,9.4200081913766e-24
8.740234375,9.3166505608913e-24
8.759765625,9.2056230106517e-24
8.779296875,9.0960841243239e-24
8.798828125,8.9891339639964e-24
8.818359375,8.8747994112921e-24
8.837890625,8.7582974145338e-24
8.857421875,8.6439160741361e-24
8.876953125,8.5264778871328e-24
8.896484375,8.4121066425126e-24
8.916015625,8.2868524343113e-24
8.935546875,8.166809946219e-24
8.955078125,8.0488426187295e-24
8.974609375,7.9264742900185e-24
8.994140625,7.8024019387741e-24
9.013671875,7.6797329311079e-24
9.033203125,7.5670659672959e-24
9.052734375,7.4365808726161e-24
9.072265625,7.3111979406169e-24
9.091796875,7.1887756733582e-24
9.111328125,7.0667726552085e-24
9.130859375,6.9425487891104e-24
9.150390625,6.8185612229466e-24
9.169921875,6.6947084175288e-24
9.189453125,6.5775772537302e-24
9.208984375,6.4507215487811e-24
9.228515625,6.3329061505309e-24
9.248046875,6.2100704678625e-24
9.267578125,6.0933710571019e-24
9.287109375,5.9682569580463e-24
9.306640625,5.8508672684654e-24
9.326171875,5.7378576297036e-24
9.345703125,5.621296770227e-24
9.365234375,5.5007438477783e-24
9.384765625,5.3931158020875e-24
9.404296875,5.2786581523971e-24
9.423828125,5.1655574916909e-24
9.443359375,5.051443861578e-24
9.462890625,4.9497617009959e-24
9.482421875,4.8370894003213e-24
9.501953125,4.732966275153e-24
9.521484375,4.6291382931621e-24
9.541015625,4.5268682938677e-24
9.560546875,4.4224087950375e-24
9.580078125,4.3234967136896e-24
9.599609375,4.222604943983e-24
9.619140625,4.1313099573884e-24
9.638671875,4.0332561780023e-24
9.658203125,3.936880704059e-24
9.677734375,3.8463707500541e-24
9.697265625,3.7520527037801e-24
9.716796875,3.6599503042842e-24
9.736328125,3.573500130736e-24
9.755859375,3.4846857993983e-24
9.775390625,3.3974483830265e-24
9.794921875,3.3189408752623e-24
9.814453125,3.2323916143819e-24
9.833984375,3.1503013803059e-24
9.853515625,3.0675463567396e-24
9.873046875,2.9899520675776e-24
9.892578125,2.9128665914279e-24
9.912109375,2.8379057807948e-24
9.931640625,2.76052829617e-24
9.951171875,2.6884070432064e-24
9.970703125,2.6157386702528e-24
9.990234375,2.5504941186568e-24
10.00976562,2.4761973878201e-24
10.02929688,2.4087647942243e-24
10.04882812,2.3435189723465e-24
10.06835938,2.2831652586311e-24
10.08789062,2.216258567937e-24
10.10742188,2.1574792575946e-24
10.12695312,2.0971600329272e-24
10.14648438,2.0380019521936e-24
10.16601562,1.978459136873e-24
10.18554688,1.9250642680069e-24
10.20507812,1.8707294927983e-24
10.22460938,1.820328794862e-24
10.24414062,1.7675160706893e-24
10.26367188,1.7172672094347e-24
10.28320312,1.6691694681452e-24
10.30273438,1.6214133260647e-24
10.32226562,1.5727414724737e-24
10.34179688,1.528282387017e-24
10.36132812,1.4811942229109e-24
10.38085938,1.4400200867344e-24
10.40039062,1.3985422528979e-24
10.41992188,1.3566960766269e-24
10.43945312,1.3195699705258e-24
10.45898438,1.2789933797754e-24
10.47851562,1.2415278182608e-24
10.49804688,1.2046881954321e-24
10.51757812,1.1684498342462e-24
10.53710938,1.1323925536561e-24
10.55664062,1.0985473714671e-24
10.57617188,1.0658505465518e-24
10.59570312,1.0334829416159e-24
10.61523438,1.0012851724945e-24
10.63476562,9.7210501552067e-25
10.65429688,9.4151970249542e-25
10.67382812,9.1369715827782e-25
10.69335938,8.8387182073624e-25
10.71289062,8.5955970659294e-25
10.73242188,8.309458302101e-25
10.75195312,8.0759637431358e-25
10.77148438,7.8272381623262e-25
10.79101562,7.5889439232908e-25
10.81054688,7.3633324006996e-25
10.83007812,7.1249119731695e-25
10.84960938,6.9053022896196e-25
10.86914062,6.6973704784356e-25
10.88867188,6.4884350123149e-25
10.90820312,6.2866618510736e-25
10.92773438,6.0987842881032e-25
10.94726562,5.8945751826219e-25
10.96679688,5.7188923979224e-25
10.98632812,5.5371584533425e-25
11.00585938,5.3583783722477e-25
11.02539062,5.1942271253796e-25
11.04492188,5.0338368531343e-25
11.06445312,4.8603440691339e-25
11.08398438,4.721674650325e-25
11.10351562,4.5513085796147e-25
11.12304688,4.4067673688599e-25
11.14257812,4.2662505067773e-25
11.16210938,4.1398082204781e-25
11.18164062,3.9901070161166e-25
11.20117188,3.880636174439e-25
11.22070312,3.7320826895996e-25
11.24023438,3.6058661657135e-25
11.25976562,3.499331504392e-25
11.27929688,3.379547200785e-25
11.29882812,3.2807808034128e-25
11.31835938,3.1772959598147e-25
11.33789062,3.0584760298923e-25
11.35742188,2.9753647256764e-25
11.37695312,2.8692746758376e-25
11.39648438,2.7764981736415e-25
11.41601562,2.6853235414608e-25
11.43554688,2.5936621399282e-25
11.45507812,2.5206425378902e-25
11.47460938,2.4367941921712e-25
11.49414062,2.3569025506719e-25
11.51367188,2.2859838590788e-25
11.53320312,2.2123932242515e-25
11.55273438,2.1345022279076e-25
11.57226562,2.0725506639162e-25
11.59179688,2.0059812399794e-25
11.61132812,1.9384400373906e-25
11.63085938,1.8726374031643e-25
11.65039062,1.8196743277978e-25
11.66992188,1.7589902690466e-25
11.68945312,1.7030687078053e-25
11.70898438,1.6457870522868e-25
11.72851562,1.5920203929427e-25
11.74804688,1.5398226904417e-25
11.76757812,1.4866691370829e-25
11.78710938,1.4356723942405e-25
11.80664062,1.3948166945996e-25
11.82617188,1.3406098948644e-25
11.84570312,1.3012347999702e-25
11.86523438,1.2643646776696e-25
11.88476562,1.2191121260902e-25
11.90429688,1.1851192175273e-25
11.92382812,1.1389523815032e-25
11.94335938,1.1062013227699e-25
11.96289062,1.0632820195797e-25
11.98242188,1.0287747158022e-25
12.00195312,9.9388122474045e-26
12.02148438,9.6446468327879e-26
12.04101562,9.2300821510911e-26
12.06054688,9.0014873888016e-26
12.08007812,8.6936506248322e-26
12.09960938,8.4185181259985e-26
12.11914062,8.0754696677047e-26
12.13867188,7.839813031809e-26
12.15820312,7.6069841785526e-26
12.17773438,7.2989115693477e-26
12.19726562,7.0631636852157e-26
12.21679688,6.7890968410031e-26
12.23632812,6.5793993789874e-26
12.25585938,6.3650984818665e-26
12.27539062,6.1784473722098e-26
12.29492188,5.9709431800022e-26
12.31445312,5.7444214496785e-26
12.33398438,5.5605964182506e-26
12.35351562,5.3732143787586e-26
12.37304688,5.1822912281744e-26
12.39257812,5.0594862971034e-26
12.41210938,4.8303054521573e-26
12.43164062,4.7456283021447e-26
12.45117188,4.5735557012626e-26
12.47070312,4.4097616286954e-26
12.49023438,4.2278892856763e-26
12.50976562,4.1232355684501e-26
12.52929688,3.9888625921312e-26
12.54882812,3.8465448529624e-26
12.56835938,3.7130570824951e-26
12.58789062,3.6440593578829e-26
12.60742188,3.4964269801251e-26
12.62695312,3.3757515561131e-26
12.64648438,3.2867214047957e-26
12.66601562,3.1797134196712e-26
12.68554688,3.0697992219089e-26
12.70507812,2.9723600608238e-26
12.72460938,2.8550384560318e-26
12.74414062,2.7414697026812e-26
12.76367188,2.6463128745064e-26
12.78320312,2.5674413777185e-26
12.80273438,2.4814416338352e-26
12.82226562,2.3758114638077e-26
12.84179688,2.2989748901546e-26
12.86132812,2.2366699586736e-26
12.88085938,2.1485394044184e-26
12.90039062,2.0433409893659e-26
12.91992188,1.9524165655776e-26
12.93945312,1.8909739307106e-26
12.95898438,1.8428365636051e-26
12.97851562,1.7571133880767e-26
12.99804688,1.6999102787221e-26
13.01757812,1.6552801263419e-26
13.03710938,1.5948535928542e-26
13.05664062,1.5257528442308e-26
13.07617188,1.4613170060814e-26
13.09570312,1.4209243810613e-26
13.11523438,1.3624136663858e-26
13.13476562,1.319707903206e-26
13.15429688,1.2735608498829e-26
13.17382812,1.2485908792644e-26
13.19335938,1.1939475282138e-26
13.21289062,1.1980580212348e-26
13.23242188,1.1517250771535e-26
13.25195312,1.1047074457177e-26
13.27148438,1.0768503327789e-26
13.29101562,1.0579612741075e-26
13.31054688,1.0112727840992e-26
13.33007812,9.9872105568773e-27
13.34960938,9.6375223457699e-27
13.36914062,9.3628398615325e-27
13.38867188,8.9658288553895e-27
13.40820312,8.6184167082903e-27
13.42773438,8.2408595205156e-27
13.44726562,8.0189762131107e-27
13.46679688,7.6966910962169e-27
13.48632812,7.2645985057649e-27
13.50585938,7.2010898102908e-27
13.52539062,6.5740000870505e-27
13.54492188,6.3816790339199e-27
13.56445312,6.2466913744898e-27
13.58398438,5.9800172921472e-27
13.60351562,5.6603275584465e-27
13.62304688,5.3360970597159e-27
13.64257812,4.9851733645491e-27
13.66210938,4.981923165175e-27
13.68164062,4.6040202729752e-27
13.70117188,4.4606578997749e-27
13.72070312,4.3013937008028e-27
13.74023438,4.2205291024489e-27
13.75976562,3.9377101419755e-27
13.77929688,3.8607247517155e-27
13.79882812,3.8073239143685e-27
13.81835938,3.6384884213517e-27
13.83789062,3.6102406142644e-27
13.85742188,3.589406674498e-27
13.87695312,3.4809751334403e-27
13.89648438,3.3941944153349e-27
13.91601562,3.3528862995157e-27
13.93554688,3.3136930955167e-27
13.95507812,3.2493096426618e-27
13.97460938,3.1293934924563e-27
13.99414062,3.1186390996468e-27
14.01367188,3.0832975147953e-27
14.03320312,2.8819920466224e-27
14.05273438,2.6524997751932e-27
14.07226562,2.6757064245399e-27
14.09179688,2.515435578097e-27
14.11132812,2.349876537287e-27
14.13085938,2.1926393946277e-27
14.15039062,2.0498135080683e-27
14.16992188,1.9144982448984e-27
14.18945312,1.8809753209596e-27
14.20898438,1.8149676140213e-27
14.22851562,1.6273245333828e-27
14.24804688,1.5316891958763e-27
14.26757812,1.4386659249309e-27
14.28710938,1.3892988395189e-27
14.30664062,1.2511372956887e-27
14.32617188,1.251566537325e-27
14.34570312,1.2246738626948e-27
14.36523438,1.1664406745243e-27
14.38476562,1.2150462833476e-27
14.40429688,1.1820903479182e-27
14.42382812,1.1987945161049e-27
14.44335938,1.2487645018489e-27
14.46289062,1.1798002246213e-27
14.48242188,1.1761193873116e-27
14.50195312,1.233038898667e-27
14.52148438,1.2029637692485e-27
14.54101562,1.1708521615067e-27
14.56054688,1.0994565903173e-27
14.58007812,1.0374514683508e-27
14.59960938,9.2679543005904e-28
14.61914062,9.8931169383284e-28
14.63867188,8.7697913352453e-28
14.65820312,7.7699255453172e-28
14.67773438,7.387744007153e-28
14.69726562,6.8937198652583e-28
14.71679688,6.2744101286214e-28
14.73632812,5.583047500905e-28
14.75585938,5.3079014453301e-28
14.77539062,4.643093539687e-28
14.79492188,4.8912842797603e-28
14.81445312,4.4192542578305e-28
14.83398438,4.1635986132928e-28
14.85351562,4.2371229148497e-28
14.87304688,4.1155505130402e-28
14.89257812,4.0902514972907e-28
14.91210938,4.5234470678219e-28
14.93164062,4.4198782591325e-28
14.95117188,4.6203213440245e-28
14.97070312,4.7491891684634e-28
14.99023438,4.8641671861433e-28
15.00976562,4.944832835934e-28
15.02929688,4.8540367946358e-28
15.04882812,5.1256545465526e-28
15.06835938,4.1181004442866e-28
15.08789062,4.1194871138465e-28
15.10742188,4.043559251719e-28
15.12695312,4.0497299312608e-28
15.14648438,3.2640737734673e-28
15.16601562,2.9868323061128e-28
15.18554688,2.5209036302469e-28
15.20507812,2.0591908150292e-28
15.22460938,1.9207299335374e-28
15.24414062,1.9156705155735e-28
15.26367188,1.4430627146604e-28
15.28320312,1.1478927654537e-28
15.30273438,1.201489469876e-28
15.32226562,1.0127695205555e-28
15.34179688,1.0960544350706e-28
15.36132812,1.0540614585631e-28
15.38085938,1.3409171681999e-28
15.40039062,1.120922523995e-28
15.41992188,1.4626590518446e-28
15.43945312,1.739655926096e-28
15.45898438,1.581082558195e-28
15.47851562,1.8654523737561e-28
15.49804688,2.1582010679108e-28
15.51757812,2.087784886265e-28
15.53710938,2.284437718457e-28
15.55664062,1.9748350834651e-28
15.57617188,1.9695715169271e-28
15.59570312,2.0849666188105e-28
15.61523438,2.073571733924e-28
15.63476562,2.0384986237067e-28
15.65429688,1.749146908862e-28
15.67382812,1.4816487210962e-28
15.69335938,1.4027245934577e-28
15.71289062,1.1020806698665e-28
15.73242188,9.8250930926926e-29
15.75195312,1.048353002208e-28
15.77148438,6.5636462876695e-29
15.79101562,5.3282777841417e-29
15.81054688,4.146931615554e-29
15.83007812,1.6948953882585e-29
15.84960938,1.7100909755198e-29
15.86914062,1.5086964812352e-29
15.88867188,1.6277959889961e-29
15.90820312,1.2684174613734e-29
15.92773438,1.8921876517616e-29
15.94726562,2.6824352265425e-29
15.96679688,4.9701318516835e-29
15.98632812,5.3842838269245e-29
16.00585938,7.1469719492255e-29
16.02539062,5.1825234059505e-29
16.04492188,7.4641340924672e-29
16.06445312,1.0349562335148e-28
16.08398438,9.2003984559312e-29
16.10351562,1.0986428849158e-28
16.12304688,1.0708247527991e-28
16.14257812,9.8210871584083e-29
16.16210938,1.1361831113918e-28
16.18164062,1.0620348085329e-28
16.20117188,8.3816471179733e-29
16.22070312,1.0099037367982e-28
16.24023438,7.8766682865549e-29
16.25976562,7.5623565196309e-29
16.27929688,5.8206225151249e-29
16.29882812,4.7431224891386e-29
16.31835938,3.1912659178496e-29
16.33789062,2.7440649847629e-29
16.35742188,1.4547704427923e-29
16.37695312,1.6246374638873e-29
16.39648438,3.7865708636597e-30
16.41601562,9.7143906394892e-31
16.43554688,1.932863292187e-30
16.45507812,5.5358930321467e-30
16.47460938,4.6347504111679e-30
16.49414062,9.7502610847034e-30
16.51367188,2.4424643554719e-29
16.53320312,1.8524412725343e-29
16.55273438,2.9114090376307e-29
16.57226562,3.5144369625178e-29
16.59179688,4.3646387364676e-29
16.61132812,5.9654717062422e-29
16.63085938,5.9757032090718e-29
16.65039062,5.2433156855716e-29
16.66992188,6.2469897010382e-29
16.68945312,7.8137066697252e-29
16.70898438,5.8422422824568e-29
16.72851562,5.553924551251e-29
16.74804688,5.5221142071008e-29
16.76757812,3.728148982503e-29
16.78710938,5.2065409560632e-29
16.80664062,2.9643913704008e-29
16.82617188,2.3558745451722e-29
16.84570312,2.1921897591988e-29
16.86523438,1.3370768638908e-29
16.88476562,1.4092847923308e-29
16.90429688,6.5378099374655e-30
16.92382812,2.1524674540958e-30
16.94335938,1.4274992747798e-30
16.96289062,8.3989804874727e-31
16.98242188,1.4993364617055e-30
17.00195312,4.9442473532309e-30
17.02148438,4.3402757226711e-30
17.04101562,6.933347799794e-30
17.06054688,9.1589524435279e-30
17.08007812,1.9845745111938e-29
17.09960938,2.1865082658628e-29
17.11914062,1.5472535987218e-29
17.13867188,2.8642622725921e-29
17.15820312,2.4319102593767e-29
17.17773438,2.0930236263623e-29
17.19726562,2.1743749072132e-29
17.21679688,2.9967469934665e-29
17.23632812,2.4304658119184e-29
17.25585938,2.9875988262307e-29
17.27539062,2.1384177951515e-29
17.29492188,1.4570045215278e-29
17.31445312,1.6729397868925e-29
17.33398438,5.6739822091592e-30
17.35351562,1.1279208719304e-29
17.37304688,7.5018823193772e-30
17.39257812,4.0500380800519e-30
17.41210938,4.5623354452589e-30
17.43164062,3.8642339886672e-30
17.45117188,1.0681688954058e-30
17.47070312,2.3207455829866e-30
17.49023438,8.3898323202369e-31
17.50976562,4.1642938740027e-30
17.52929688,4.7957581545187e-30
17.54882812,9.1713987657935e-31
17.56835938,3.8619830580447e-30
17.58789062,4.9234954580801e-30
17.60742188,8.2072661985711e-30
17.62695312,6.435387327927e-30
17.64648438,8.2746167586586e-30
17.66601562,9.7225476416434e-30
17.68554688,1.4998420935475e-29
17.70507812,1.5319340297204e-29
17.72460938,1.4243034347784e-29
17.74414062,1.0265639937821e-29
17.76367188,1.4274848303052e-29
17.78320312,1.3121195201506e-29
17.80273438,1.0133472995388e-29
17.82226562,4.0355093460339e-30
17.84179688,4.3287682912534e-30
17.86132812,6.6144138010035e-30
17.88085938,3.7036114313053e-30
17.90039062,4.5621548893266e-30
17.91992188,3.3818968711575e-30
17.93945312,5.4036297932159e-30
17.95898438,9.8535390779712e-31
17.97851562,1.3435287292045e-30
17.99804688,4.1176382210999e-30
18.01757812,1.7227443352544e-30
18.03710938,3.5695667071759e-30
18.05664062,1.9729707832789e-30
18.07617188,2.8034317752987e-30
18.09570312,2.0455783421823e-30
18.11523438,4.4897760346041e-30
18.13476562,6.4800801873825e-30
18.15429688,6.9125959046433e-30
18.17382812,3.2656549619516e-30
18.19335938,5.7648499913479e-30
18.21289062,4.4216462628214e-30
18.23242188,6.1190285081207e-30
18.25195312,4.3428275798474e-30
18.27148438,4.5815947447028e-30
18.29101562,2.4673570000031e-30
18.31054688,9.1212042166179e-30
18.33007812,2.9414728040626e-30
18.34960938,2.0128977184385e-30
18.36914062,1.8010604708836e-30
18.38867188,2.0786200777907e-30
18.40820312,1.5310932409291e-30
18.42773438,3.5646856784731e-31
18.44726562,2.4704174230554e-30
18.46679688,3.3083933034402e-30
18.48632812,8.3952489982055e-31
18.50585938,2.5624906041711e-30
18.52539062,2.3958373376115e-30
18.54492188,4.1368515146336e-30
18.56445312,1.3896073554404e-30
18.58398438,9.0253910826756e-31
18.60351562,1.6365777781527e-30
18.62304688,4.0361352732659e-30
18.64257812,1.1153090400602e-30
18.66210938,3.9526890922106e-30
18.68164062,2.0059312687178e-30
18.70117188,1.5084364806927e-30
18.72070312,1.3058918451195e-30
18.74023438,2.6994797065504e-30
18.75976562,7.1272919544594e-30
18.77929688,3.9390684040688e-30
18.79882812,1.0966726585827e-30
18.81835938,1.1556331982708e-30
18.83789062,1.9552522277905e-30
18.85742188,1.7980512053455e-30
18.87695312,1.7536193996753e-30
18.89648438,2.4083753954562e-31
18.91601562,2.330014120844e-31
18.93554688,2.954259173334e-30
18.95507812,2.3907922569171e-30
18.97460938,8.9402871724671e-31
18.99414062,1.1657894694619e-30
19.01367188,1.8430306973435e-30
19.03320312,2.1291757388309e-30
19.05273438,2.145058642341e-30
19.07226562,1.5678273453527e-30
19.09179688,3.2730607644409e-30
19.11132812,1.2470697316461e-31
19.13085938,8.6162795519793e-31
19.15039062,1.2590654163974e-30
19.16992188,2.7155770202301e-30
19.18945312,2.8096376331546e-30
19.20898438,1.7747162318884e-31
19.22851562,3.1622152206612e-30
19.24804688,3.0263598590734e-30
19.26757812,7.0549221275335e-31
19.28710938,1.8886902833532e-30
19.30664062,3.8268848655992e-31
19.32617188,6.6382032675964e-31
19.34570312,1.7902581722418e-30
19.36523438,1.0574057642358e-30
19.38476562,1.1506220658532e-30
19.40429688,1.6149682423235e-30
19.42382812,1.4774591012434e-31
19.44335938,6.9364590982418e-31
19.46289062,2.6880584153587e-31
19.48242188,9.4224636704286e-31
19.50195312,1.7743955570295e-30
19.52148438,1.9567013772262e-30
19.54101562,1.3872714130664e-32
19.56054688,1.7115312476221e-30
19.58007812,4.990733358789e-31
19.59960938,1.3101759107711e-31
19.61914062,6.438699776968e-32
19.63867188,7.1376543603398e-31
19.65820312,5.5318500838962e-31
19.67773438,2.7141769594385e-31
19.69726562,1.008451901593e-31
19.71679688,2.6702877619607e-30
19.73632812,8.2754444947606e-31
19.75585938,6.6606274680304e-31
19.77539062,5.1019087933033e-32
19.79492188,2.0115980918842e-31
19.81445312,2.7866099809407e-31
19.83398438,3.8411769961142e-31
19.85351562,1.5362926875416e-30
19.87304688,1.1328192509298e-30
19.89257812,2.7177429391011e-34
19.91210938,3.8304988054313e-32
19.93164062,5.1752464752579e-31
19.95117188,2.8211535281317e-32
19.97070312,1.6279115636007e-31
19.99023438,4.8455052635246e-32
